"address","count","paperID"
"0","0","0"
"Natl Inst Technol, Dept Appl Geol, Raipur, CG, India","2","A0872"
"BVRM, SVECW, Civil Engn Dept, Bhimvaram, India","1","A1692"
"IST, JNTUK, SIT, Kakinada, India","1","A1692"
"Infosys Ltd, Hyderabad, India","1","A1692"
"CSIR, Natl Bot Res Inst, Lucknow 226001, Uttar Pradesh, India","3","A2665"
"Univ Agr & Hort Sci, Dept Nat Resource Management, Coll Forestry, Kodagu 571216, Karnataka, India","3","A1722"
"Univ Agr Sci, Dept Hort, Coll Agr, Mandya 571410, Karnataka, India","1","A1722"
"NASC, ICRAF South Asia, Pusa Campus, New Delhi 110012, India","1","A1722"
"Inst Wood Sci & Technol, Div Tree Improvement, Bangalore 560003, Karnataka, India","2","A1722"
"Uttarakhand Space Applicat Ctr 131, Dept Forest Ecol & Climate Change, Phase 2, Dehra Dun 248006, Uttarakhand, India","1","A1692"
"Indian Inst Remote Sensing, Forestry & Ecol Dept, 4 Kalidas Rd, Dehra Dun 248001, Uttarakhand, India","1","A1692"
"Wildlife Inst India, Dept Habitat Ecol, Post Box 18, Dehra Dun 248001, Uttarakhand, India","3","A1692"
"Bidhan Chandra Krishi Viswavidyalaya, Dept Agr Chem & Soil Sci, Fac Agr, Nadia 741252, W Bengal, India","5","A1692"
"Bihar Agr Univ, Dept Soil Sci & Agr Chem, Bhagalpur 813210, Bihar, India","1","A1692"
"Univ Salford, Sch Sci Engn & Environm, Manchester M5 4WT, Lancs, England","1","A1692"
"Cent Univ Orissa, Dept Biodivers & Conservat Nat Resources, Landiguda 764021, Koraput, India","2","A1032"
"Univ South Dakota, Dept Comp Sci, Vermillion, SD 57069 USA","1","A2665"
"NIH, US Natl Lib Med, Bethesda, MD 20894 USA","1","A2665"
NA,"3","A3010"
"Salim Ali Ctr Ornithol & Nat Hist, Hyderabad 500017, Andhra Pradesh, India","1","A1692"
"Natl Remote Sensing Ctr, Forestry & Ecol Div, Hyderabad 500625, Andhra Pradesh, India","1","A1692"
"Osmania Univ, Dept Bot, Hyderabad 500007, Andhra Pradesh, India","1","A1692"
"Ashoka Trust Res Ecol & Environm, Bangalore 560064, Karnataka, India","2","A1535"
"Dr Hari Singh Gour Vishwavidyalaya, Forest Ecol & Ecosyst Lab, Dept Bot, Sagar 470003, Madhya Pradesh, India","4","A2665"
"SRM Univ AP, Sch Engn & Sci, Dept Environm Sci, Amaravati, Andhra Pradesh, India","1","A2665"
NA,"1","A2658"
"Univ Sheffield, Dept Anim & Plant Sci, Western Bank, Sheffield S10 2TN, S Yorkshire, England","3","A1285"
"Cent Inst Temperate Hort, Srinagar 190007, Jammu & Kashmir, India","6","A1883"
"Mizoram Univ, Dept Bot, Aizawl, Mizoram, India","2","A1118"
NA,"1","A2911"
"Panjab Univ, Dept Bot, Chandigarh 160014, India","4","A1692"
"Panjab Univ, Dept Environm Studies, Chandigarh 160014, India","1","A1692"
"Cent Univ Punjab, Mansa Rd, Bathinda 151001, India","1","A1692"
NA,"1","A2903"
"China Med Univ, Dept Med Lab Sci & Biotechnol, Taichung 40402, Taiwan","3","A1692"
"Can Tho Univ Med & Pharm, Fac Med, Can Tho 94117, Vietnam","1","A1692"
"Asia Univ, Dept Med Lab Sci & Biotechnol, Taichung 41354, Taiwan","2","A1692"
NA,NA,"B0010"
NA,NA,"C0040"
"Vimix Solut Private Ltd, Dehra Dun 248001, India","1","A1722"
"Forest Res Inst, Dept Forest Pathol, Dehra Dun 248006, India","1","A1722"
"Uttarakhand Univ Hort & Forestry, Coll Forestry, Ranichauri 249199, India","1","A1722"
"GB Pant Univ Agr & Technol, Dept Soil Sci, Coll Agr, Pantnagar 263145, Uttar Pradesh, India","1","A1722"
"Indian Inst Technol Kharagpur, Ctr Oceans Rivers Atmosphere & Land Sci, Kharagpur 721302, W Bengal, India","5","A0490"
"Univ Suthanpton, Dept Geog & Environm Sci, Southampton, Hants, England","1","A0490"
"World Resources Inst, Sustainable Landscapes Restorat, New Delhi, India","1","A0490"
"Banaras Hindu Univ, Inst Environm & Sustainable Develeopment, Varanasi, Uttar Pradesh, India","2","A0490"
"Indian Inst Technol Kharagpur, Dept Geol & Geophysiscs, Kharagpur 721302, W Bengal, India","1","A0490"
"Polish Acad Sci, Dept Geoenvironm Res, Inst Geog & Spatial Org, Jana 22, PL-31018 Krakow, Poland","1","A1286"
NA,"1","A3008"
NA,NA,"C0201"
"Birla Inst Technol, Remote Sensing Dept, Ranchi 835215, Jharkhand, India","3","A2665"
"ISRO, Environm Forestry & Microwave Applicat Div EFMD, Forestry Land Use Planning & Photogrammetry Applc, Remote Sensing Applicat & Image Proc Area RESIPA, Ahmadabad 380015, Gujarat, India","3","A2665"
NA,NA,"C0142"
NA,NA,"B0019"
NA,NA,"C0177"
"IIT Kanpur, Dept Civil Engn, Kanpur 208016, Uttar Pradesh, India","3","A2665"
"IIT Kanpur, Ctr Environm Sci & Engn CESE, Atmospher Particle Technol Lab, Kanpur 208016, Uttar Pradesh, India","3","A2665"
"Wildlife Inst India, Ganga Aqualife Conservat & Monitoring Ctr, Dehra Dun, India","3","A2665"
"Wildlife Inst India, Dept Ecodev Planning & Participatory Management, Dehra Dun, India","1","A2665"
"Univ Delhi, Dept Bot, Delhi 110007, India","5","A0490"
"Cent Muga & Eri Res & Training Inst, Ladoigarh, Assam, India","2","A0490"
"Int Ctr Genet Engn & Biotechnol, New Delhi, India","2","A0490"
"Ctr DNA Fingerprinting & Diagnost, Hyderabad, Andhra Pradesh, India","1","A0490"
"Univ Delhi, Ctr Management Degraded Ecosyst, Delhi 110007, India","1","A0490"
"Kerala Agr Univ, Coll Forestry, Dept Silviculture & Agroforestry, Thrissure, Kerala, India","1","A1692"
"Indira Gandhi Krishi Vishwavidyalaya, Coll Agr, Dept Forestry, Raipur 492006, CG, India","2","A1692"
"Kumaun Univ, Dept Bot, Naini Tal 263001, Uttarakhand, India","1","A1692"
"Indian Inst Technol Kharagpur, Kharagpur, W Bengal, India","2","A1722"
"Vidyasagar Univ, Midnapore, W Bengal, India","3","A1722"
"Jadavpur Univ, Kolkata, W Bengal, India","1","A1722"
"Odisha Space Applicat Ctr, Bhubaneswar, Odisha, India","1","A1722"
"Birla Inst Technol, Dept Remote Sensing, Ranchi 835215, Bihar, India","2","A0490"
"Cent Univ Rajasthan, Sch Earth Sci, Dept Environm Sci, Ajmer 305817, Rajasthan, India","1","A0490"
"Indira Gandhi Natl Open Univ IGNOU, Sch Sci, New Delhi 110068, India","1","A0490"
"Govt India, Dept Space, Space Applicat Ctr ISRO, Satellite Rd, Ahmadabad 380015, Gujarat, India","1","A0490"
"PLANEX, Phys Res Lab, Thaltej Campus, Ahmadabad 380059, Gujarat, India","1","A0490"
NA,"2","A2960"
"United Nations Univ, ITC Sch Disaster Geoinformat Management, Int Inst Geoinformat Sci & Earth Observat ITC, NL-7500 AA Enschede, Netherlands","1","A1692"
"Ctr Earth Sci Studies, Thiruvananthapuram, Kerala, India","1","A1692"
"Geol Survey India, Thiruvananthapuram, Kerala, India","1","A1692"
NA,"1","A2862"
NA,"1","A2598"
NA,"2","A3048"
"Ambedkar Univ Delhi, Sch Human Ecol, Delhi 110006, India","2","A1692"
"Ambedkar Univ Delhi, Ctr Urban Ecol & Sustainabil CUES, Delhi 110006, India","2","A1692"
"Natl Inst Plant Genome Res, New Delhi 110067, India","1","A1692"
"Banasthali Vidhyapith, Dept Biosci & Biotechnol, Banasthali 304022, Rajasthan, India","2","A2665"
"Sardar Vallabh Bhai Patel Univ Agr & Technol, Dept Biotechnol, Meerut 250110, Uttar Pradesh, India","1","A2665"
"Bihar Agr Univ, Bhagalpur 813210, India","5","A0461"
"Pondicherry Univ, Dept Ecol & Environm Sci, Puducherry 605014, India","2","A2724"
"Bharati Vidyapeeth Inst Environm Educ & Res BVIEE, Pune, Maharashtra, India","3","A1116"
NA,NA,"C0083"
"Uttar Banga Krishi Viswavidyalaya, Dept Forestry, Cooch Behar, W Bengal, India","3","A2665"
"Bidhan Chandra Krishi Viswavidyalaya, Res Directorate, AICRP Groundnut, Nadia, W Bengal, India","1","A2665"
"Ashoka Trust Res Ecol & Environm, Bangalore 560064, Karnataka, India","1","A2665"
"Indiana Univ, Ctr Study Inst Populat & Environm Change CIPEC, Bloomington, IN USA","1","A2665"
"Int Crops Res Inst Semi Arid Trop, Greater Hyderabad 502324, Andhra Pradesh, India","6","A1692"
"Osmania Univ, Greater Hyderabad 500007, Andhra Pradesh, India","1","A1692"
"CIMMYT, GCP, Genom Gene Discovery Subprogramme, Mexico City 06600, DF, Mexico","1","A1692"
"Nat Conservat Fdn, Mysore 570002, Karnataka, India","1","A2539"
"Majmaah Univ, Coll Appl Med Sci, Dept Med Lab Sci, Al Majmaah 11952, Saudi Arabia","2","A2665"
"Greenlink Analyt & Res Lab India Private Ltd, Coimbatore 641014, Tamil Nadu, India","1","A2665"
"Periyar Univ, Dept Geol, Salem 636011, India","5","A1535"
"Bharathidasan Univ, Dept Geog, Tiruchirappalli, Tamil Nadu, India","6","A1535"
"Cent Univ Tamil Nadu, Dept Geog, Thiruvarur, India","1","A1535"
"Bharathidasan Univ, Ctr Remote Sensing, Tiruchirappalli, Tamil Nadu, India","1","A1535"
"China Univ Geosci Beijing, Sch Earth Sci & Resources, Beijing, Peoples R China","1","A1535"
"Univ Adelaide, Dept Earth Sci, Adelaide, SA, Australia","1","A1535"
"Curtin Univ, Dept Appl Geol, Miri, Sarawak, Malaysia","1","A1535"
"Univ Teknol Petronas, Dept Geosci, Tronoh, Malaysia","1","A1535"
"Univ Malaysia Terengganu, Kuala Nerus, Terengganu, Malaysia","1","A1535"
"Univ Teknol Petronas, South East Asia Carbonate Res Lab, Tronoh, Malaysia","1","A1535"
NA,NA,"C0273"
"GB Pant Inst Himalayan Environm & Dev, Environm Assessment & Management Div, Almora 263643, Uttarakhand, India","8","A2591"
"Cent Univ South Bihar, Sch Earth Biol & Environm Sci, Ctr Biol Sci Biotechnol, Patna 800014, Bihar, India","2","A0490"
"Cent Univ South Bihar, Ctr Educ Life Sci, Gaya Campus, Gaya 823001, Bihar, India","1","A0490"
"ICAR Natl Inst Biot Stress Management, Baronda Farm, Raipur 493225, Chhattisgarh, India","1","A0490"
"ICAR Indian Inst Wheat & Barley Res, Karnal 132001, Haryana, India","1","A0490"
"ICAR RCER Res Ctr Makhana, Darbhanga 846005, Bihar, India","1","A0490"
NA,"2","A2961"
"ISRO, Indian Inst Remote Sensing, Dehra Dun 248001, Uttar Pradesh, India","4","A2665"
"ISRO, Natl Remote Sensing Ctr, Hyderabad 500625, Andhra Pradesh, India","1","A2665"
"Minist Environm Forest & Climate Change MoEFCC, Natl Ctr Sustainable Coastal Management NCSCM, Anna Univ Campus, Chennai 600025, Tamil Nadu, India","14","A0755"
"Sher E Kashmir Univ Agr Sci & Technol Jammu, Div Entomol, Chatha, India","3","A2347"
"Sathyabama Inst Sci & Technol, Ctr Remote Sensing & Geoinformat, Chennai 600119, Tamil Nadu, India","2","A0926"
NA,NA,"C0135"
NA,NA,"C0238"
"Loyola Coll, Dept Adv Zool & Biotechnol, Chennai, Tamil Nadu, India","2","A1692"
"Salim Ali Ctr Ornithol & Nat Hist, Dept Conservat Biol, Coimbatore, Tamil Nadu, India","1","A1692"
"Univ Mysore, Inst Excellence, Mysore, Karnataka, India","2","A1692"
"Tlemcen Univ, Biol Dept, Tilimsen, Algeria","1","A0490"
"Tlemcen Hosp Algeria, Cardiol Dept, Tilimsen, Algeria","1","A0490"
"Oran Univ, Biol Dept, Oran, Algeria","1","A0490"
"Tlemcen Univ, Biomed Engn Dept, Tilimsen, Algeria","1","A0490"
"Tlemcen Hosp, Biochem Dept, Tilimsen, Algeria","1","A0490"
"Univ Southampton, Geog & Environm, Southampton SO17 1BJ, Hants, England","1","A1341"
"Univ Oxford, Dept Zool, Long Term Ecol Lab, Oxford OX1 3PS, England","3","A1341"
"Kew, Royal Bot Gardens, Richmond TW9 3AE, Surrey, England","2","A1341"
"Open Univ, Dept Geog, Walton Hall, Milton Keynes MK7 6AA, Bucks, England","1","A1341"
"Open Univ, Open Space Res Ctr, Walton Hall, Milton Keynes MK7 6AA, Bucks, England","1","A1341"
"Univ Oxford, Sch Geog & Environm, Oxford OX1 3QY, England","1","A1341"
"Univ Montpellier, Inst Sci Evolut, CNRS, UMR 5554, F-34095 Montpellier, France","1","A1341"
"St Longowal Inst Engn & Technol, Dept Chem Engn, Longowal 148106, Sangrur, India","1","A0990"
"Natl Inst Res TB, 1 Mayor Sathyamoorthy Rd, Chennai 600031, Tamil Nadu, India","1","A1722"
"Inst Publ Hlth, Bangalore 560070, Karnataka, India","1","A1722"
"Univ Cambridge, Dept Med, Hills Rd, Cambridge CB2 0QQ, England","2","A1722"
"Lowell Gen Hosp, 295 Varnum Ave, Lowell, MA 02446 USA","1","A1722"
"Inst Social & Econ Change, Ctr Ecol Econ & Nat Resources, Dr VKRV Rao Rd, Nagarabhavi 560072, Bengaluru, India","2","A1722"
"Leibniz Ctr Agr Landscape Res ZALF, Eberswalder Str 84, D-15374 Muncheberg, Germany","1","A1722"
"Indian Inst Space Sci & Technol, Dept Earth & Space Sci, Trivandrum 695574, Kerala, India","1","A1722"
"Univ Kassel, Organ Plant Prod & Agroecosyst Res Trop & Subtrop, D-37213 Witzenhausen, Germany","2","A1722"
"CSIR, Cent Inst Min & Fuel Res, Environm Management Div, Dhanbad 828108, Bihar, India","5","A2665"
"Inst Engn & Technol, Dept Civil Engn, Lucknow 226001, UP, India","2","A2665"
"Bidhan Chandra Krishi Viswavidyalaya, Kalyani 741235, W Bengal, India","4","A1491"
"ISRO, Natl Remote Sensing Ctr, Hyderabad 500037, Andhra Pradesh, India","3","A2101"
NA,"1","A2935"
"Pondicherry Univ, Dept Ecol & Environm Sci, Pondicherry 605014, India","2","A1490"
NA,"2","A3294"
"Jawaharlal Nehru Univ, Sch Environm Sci, New Delhi 110067, India","6","A0079"
NA,"1","A3077"
"Post Grad Inst Med Educ & Res, Sch Publ Hlth, Sect 12, Chandigarh 160012, India","6","A1317"
NA,"1","A3247"
NA,NA,"B0030"
"Dow Univ Hlth Sci, Dow Int Med Coll, Dept Pathol Mol Pathol, Karachi, Pakistan","1","A1722"
"Dow Univ Hlth Sci, Dow Diagnost Res & Reference Labs Mol Pathol, Karachi, Pakistan","1","A1722"
"Dow Univ Hlth Sci, Dow Int Med Coll, Dept Pathol, Karachi, Pakistan","2","A1722"
"Liaquat Univ Med & Hlth Sci, Dept Pathol, Jamshoro, Pakistan","1","A1722"
NA,NA,"C0141"
NA,NA,"A3304"
NA,NA,"C0001"
"Kerala Agr Univ, Acad Climate Change Educ & Res, Trichur 680656, Kerala, India","2","A1722"
"Kerala Agr Univ, Coll Forestry, Dept Silviculture & Agroforestry, Trichur 680656, Kerala, India","2","A1722"
"Kerala Agr Univ, Coll Hort, Dept Soil Sci & Agr Chem, Trichur 680656, Kerala, India","1","A1722"
"Kerala Agr Univ, Coll Hort, Instruct Farm, Trichur 680656, Kerala, India","1","A1722"
"Wildlife Inst India, Dehra Dun, Uttarakhand, India","4","A3010"
"Chinese Acad Sci, State Key Lab Genet Resources & Evolut, Kunming Inst Zool, Kunming, Yunnan, Peoples R China","3","A3010"
"Chinese Acad Sci, Kunming Inst Zool, Yunnan Lab Mol Biol Domest Anim, Kunming, Yunnan, Peoples R China","3","A3010"
"ICAR Natl Bur Anim Genet Resources NBAGR, GT Rd Bye Pass, Kernal, Haryana, India","1","A3010"
"Chinese Acad Agr Sci, Inst Anim Sci, CAAS ILRI Joint Lab Livestock & Forage Genet Reso, Beijing, Peoples R China","1","A3010"
"ILRI, Nairobi, Kenya","1","A3010"
"Zool Survey India, Kolkata, W Bengal, India","1","A3010"
"WWF India Secretariat, TRAFFIC, 172-B Lodhi Estate, New Delhi, India","1","A3010"
NA,"1","A3113"
"MITS Sch Biotechnol, Dept Biotechnol, Bhubaneswar 751024, Odisha, India","1","A1692"
"Coll Engn & Technol, Dept Biotechnol, Bhubaneswar 751003, Odisha, India","2","A1692"
"Cent Rice Res Inst, Div Crop Prod, Microbiol Lab, Cuttack 753006, Odisha, India","1","A1692"
NA,NA,"B0025"
"Cent Res Inst Dryland Agr, Hyderabad 500059, Andhra Pradesh, India","8","A1692"
"Indian Tobacco Co ITC, Paper Boards & Specialty Papers Div PSPD, Secunderabad 500003, India","1","A1692"
"Indian Tobacco Co ITC, Paper Boards & Specialty Papers Div PSPD, Khammam Dt 507201, Andhra Pradesh, India","1","A1692"
"Univ Delhi, Delhi Sch Econ, Dept Geog, Delhi 110007, India","2","A2665"
"Govt West Bengal, West Bengal Biodivers Board, Dept Environm, Kolkata 700106, India","1","A2665"
"ICMR Natl Inst Virol, Maximum Containment Facil, Microbial Containment Complex,Sus Rd, Pune 411021, Maharashtra, India","9","A1216"
"Univ Lyon, F-42023 St Etienne, France","4","A1341"
"Univ St Etienne, Lab BVpam, EA3061, 23 Rue Dr Paul Michelon, F-42000 St Etienne, France","4","A1341"
"Univ Lyon, F-69622 Lyon, France","1","A1341"
"Univ Lyon 1, Villeurbanne, France","1","A1341"
"CNRS, Ecol Microbienne, UMR5557, Villeurbanne, France","1","A1341"
"CNPMAI, Route Nemours, F-91490 Milly La Foret, France","1","A1341"
"Cambridge Univ Bot Garden, 1 Brookside, Cambridge CB2 1JF, England","1","A1341"
NA,NA,"C0087"
"Peking Univ, HSBC Business Sch, Guangdong 518055, Peoples R China","1","A1032"
"Univ Utara Malaysia, Othman Yeop Abdullah Grad Sch Business, Kedah 06010, Malaysia","1","A1032"
"ILMA Univ, Dept Business Adm, Fac Management Sci, Karachi 70348, Pakistan","1","A1032"
"Beijing Inst Technol, Sch Management & Econ, Beijing 100081, Peoples R China","1","A1032"
"Univ Int Business & Econ, Sch Int Trade & Econ, Beijing 100029, Peoples R China","1","A1032"
"Univ Int Business & Econ, UIBE Belt & Rd Energy Trade & Dev Ctr, Beijing 100029, Peoples R China","1","A1032"
"Univ Peradeniya, Fac Sci, Dept Bot, Peradeniya, Sri Lanka","2","A1692"
"Univ Peradeniya, Postgrad Inst Sci, Peradeniya, Sri Lanka","4","A1692"
"Univ Peradeniya, Fac Sci, Dept Mol Biol & Biotechnol, Peradeniya, Sri Lanka","3","A1692"
NA,NA,"B0028"
NA,NA,"C0185"
NA,"2","A2954"
NA,NA,"C0077"
"VIT Univ, Sch Biosci & Technol, Dept Biotechnol, Vellore 632014, Tamil Nadu, India","3","A1722"
"Indian Inst Hort Res, Div Plant Genet Resources, Bangalore 560089, Karnataka, India","1","A1722"
"Indian Inst Hort Res, Div Plant Physiol & Biochem, Bangalore 560089, Karnataka, India","1","A1722"
"Bangalore Univ, Dept Sericulture, Bangalore 560056, Karnataka, India","1","A1722"
NA,"1","A2857"
"Natl Remote Sensing Ctr, Remote Sensing Area, Forestry & Ecol Grp, Hyderabad, Andhra Pradesh, India","2","A1032"
"Natl Remote Sensing Ctr, Hyderabad, Andhra Pradesh, India","1","A1032"
"Int Ctr Integrated Mt Dev, Geospatial, Kathmandu, Nepal","1","A1032"
"NRSC, Reg Remote Sensing Ctr South, 1 Site Campus, Bangalore, India","1","A1032"
"Osmania Univ, Dept Environm Sci, Hyderabad, Andhra Pradesh, India","1","A1032"
"Jawaharlal Nehru Inst Technol, Ctr Atmospher Sci & Weather Modificat Technol, Hyderabad, Andhra Pradesh, India","1","A1032"
NA,"1","A3127"
"Tezpur Univ, Dept Energy, Tezpur 784028, Assam, India","2","A2665"
"NEIST, Paper & Pulp Div, Jorhat, Assam, India","1","A2665"
"Univ Birmingham, GEES Sch Geog Earth & Environm Sci, Birmingham B15 2TT, W Midlands, England","1","A1341"
"Azorean Biodivers Grp, CE3C, P-9700042 Angra Do Heroismo, Acores, Portugal","1","A1341"
"Univ Acores, Dept Ciencias Agr, P-9700042 Angra Do Heroismo, Acores, Portugal","1","A1341"
"Univ Oxford, Biodivers Res Grp, Sch Geog & Environm, Ctr Environm,Oxford Univ, South Parks Rd, Oxford OX1 3QY, England","2","A1341"
"Univ Oxford, Edward Grey Inst, Dept Zool, Oxford OX1 3PS, England","1","A1341"
"Global Canopy Programme, 3 Frewin Chambers, Oxford OX1 3HZ, England","1","A1341"
"Univ Copenhagen, Ctr Macroecol Evolut & Climate, Nat Hist Museum Denmark, Copenhagen, Denmark","1","A1341"
"Ctr Dev Adv Comp, Pune 411005, Maharashtra, India","1","A1722"
"UN OOSA, A-1400 Vienna, Austria","1","A1722"
"Natl Remote Sensing Ctr, Hyderabad 500037, Andhra Pradesh, India","1","A1722"
"Indian Inst Remote Sensing, Dehra Dun 248001, Uttar Pradesh, India","1","A1722"
"Univ Hawaii Manoa, Dept Bot, Honolulu, HI 96822 USA","1","A2717"
"Ibn Tofail Univ, Fac Sci, Lab Bot Biotechnol & Plant Protect, BP 133, Kenitra, Morocco","3","A1722"
"Natl Inst Archeol & Heritage Sci, Rabat, Morocco","2","A1722"
"Ibn Tofail Univ, Fac Sci, Lab Biodivers & Plant Resources, BP 133, Kenitra, Morocco","1","A1722"
"High Commiss Water Forests & Desertificat Control, Forest Res Ctr, Omar Ibn El Khattab Ave,BP 763, Rabat 10050, Morocco","1","A1722"
NA,NA,"C0060"
"Wildlife Inst India, Dehra Dun 248001, Uttarakhand, India","3","A2665"
"Univ British Columbia, Dept Forest Resources Management, Vancouver, BC V6T 1Z4, Canada","1","A2665"
NA,"1","A3013"
"Wildlife Inst India, Dehra Dun 248001, Uttar Pradesh, India","2","A2546"
"ITC LSTC, Peenya Ind Area, 3 1st Main,Phase1, Bangalore 560058, Karnataka, India","6","A1652"
NA,NA,"C0056"
NA,NA,"C0245"
"Kuvempu Univ, Dept PG Studies & Res Environm Sci, Shivamogga 577451, Karnataka, India","3","A2665"
"Environm Study Ctr, Biodivers Educ & Res Lab, Shivamogga 577204, Karnataka, India","1","A2665"
NA,"3","A2800"
"ICAR Cent Arid Zone Res Inst, Reg Res Stn, Pali Marwar 306401, India","1","A2665"
"ICAR Natl Inst Abiot Stress Management, Baramati 413115, India","1","A2665"
"Alvas Coll, Post Grad Dept Biotechnol, Moodbidri 574227, Karnataka, India","1","A2665"
"Mangalore Univ, Dept Appl Bot, Mangalagangothri 574199, Karnataka, India","1","A2665"
NA,"1","A3301"
NA,NA,"B0001"
"Natl Bot Res Inst, CSIR, Mol Biol & Genet Lab, Rana Pratap Marg, Lucknow 226001, Uttar Pradesh, India","5","A1692"
"Natl Bot Res Inst, CSIR, Pharmacognosy & Ethnopharmacol Div, Rana Pratap Marg, Lucknow 226001, Uttar Pradesh, India","1","A1692"
"B2-M91 SBI Colony,Sect B, Lucknow 226021, Uttar Pradesh, India","1","A1692"
"Sai Nath Univ, Ranchi, Bihar, India","1","A2665"
"Bharathiar Univ, Coimbatore, Tamil Nadu, India","1","A2665"
"Univ Delhi, Ctr Environm Management Degraded Ecosyst, Sch Environm Studies, Delhi 110007, India","3","A2614"
"Chinese Acad Sci, Wuhan Bot Garden, Key Lab Aquat Bot & Watershed Ecol, Wuhan 430074, Peoples R China","2","A2305"
"Bidhan Chandra Krishi Viswavidyalaya, Dept Agr Meteorol & Phys, Mohanpur, India","2","A1726"
"Pondicherry Univ, Dept Ecol & Environm Sci, Pondicherry 605014, India","5","A0490"
"ECOS, Pondicherry 605001, India","1","A0490"
"SKP Engn Coll, Dept Chem, Thiruvannamalai 606611, India","1","A0490"
"LEGTA Nimes Rodilhan, Domaine Donadille, F-30230 Rodilhan, France","1","A0490"
"Univ Victoria, Dept Geog, Victoria, BC, Canada","1","A0490"
"Natl Inst Technol Raipur, Dept Civil Engn, Raipur, Madhya Pradesh, India","1","A1722"
"Gayatri Vidya Parishad Coll Engn, Dept Elect & Commun Engn, Visakhapatnam, Andhra Pradesh, India","1","A1722"
"Univ Michoacana, CONACYT Inst Invest Recursos Nat, Morelia, Michoacan, Mexico","1","A1722"
"Vali E Asr Univ Rafsanjan, Dept Water Sci & Engn, Rafsanjan, Iran","1","A1722"
NA,"1","A2971"
"Univ Delhi, Dept Bot, Lab Cellular & Mol Cytogenet, Delhi 110007, India","12","A3010"
"Inst Himalayan Bioresource Technol, Palampur 176061, Himachal Prades, India","7","A3010"
"Tea Res Assoc, Tocklai Expt Stn, Jorhat 785008, Assam, India","2","A3010"
"Indian Agr Res Inst, Div Genet, New Delhi 110012, India","1","A3010"
"Energy & Resources Inst, New Delhi 110003, India","3","A3010"
"VIT Univ, Sch Biosci & Technol, Vellore 632014, Tamil Nadu, India","1","A3010"
"United Planters Assoc So India, Valparai 642127, Tamil Nadu, India","3","A3010"
"Bose Inst, Kolkata 700001, India","2","A3010"
"Savitribai Phule Pune Univ Formerly Univ Pune, Bioinformat Ctr, Pune 411007, Maharashtra, India","4","A1692"
"Ctr Dev Adv Comp, HPC Med & Bioinformat Applicat Grp, Pune 411008, Maharashtra, India","1","A1692"
"Savitribai Phule Pune Univ Formerly Univ Pune, Dept Stat, Pune 411007, Maharashtra, India","2","A1692"
"Indian Inst Sci, Ctr Ecol Sci, Bengaluru, India","1","A2665"
"Ashoka Trust Res Ecol & Environm, Bengaluru, India","2","A2665"
"Natl Res Ctr Equines, Hisar 125001, Haryana, India","8","A2006"
NA,"4","A3177"
"Natl Res Ctr Agroforestry NRCAF, Jhansi 284003, Uttar Pradesh, India","11","A2145"
NA,NA,"C0074"
NA,NA,"C0063"
"Shivaji Univ, Cytogenet & Plant Breeding Lab, Dept Bot, Kolhapur 416004, Maharashtra, India","4","A1692"
"Yashvantarao Chavan Inst Sci, Dept Bot, Satara 415001, Maharashtra, India","1","A1692"
"Krishna Mahavidyalaya, Post Grad Ctr Bot, Satara 415108, Maharashtra, India","2","A1692"
"Cent Univ Kerala, Kasaragod 671316, Kerala, India","7","A0492"
"Pondicherry Univ, Sch Life Sci, Dept Ecol & Environm Sci, EISML, Pondicherry 605014, India","2","A1468"
"Jawaharlal Nehru Trop Bot Garden & Res Inst, Div Conservat Biol, Karimancode PO Palode, Thiruvananthapuram 695562, Kerala, India","4","A0074"
"Maharshi Dayanand Univ, Med Microbiol & Bioproc Technol Lab, Dept Microbiol, Rohtak, Haryana, India","4","A0933"
"North Eastern Hill Univ, Dept Environm Studies, Sch Human & Environm Sci, Shillong, Meghalaya, India","2","A1692"
"North Eastern Hill Univ, Dept Basic Sci & Social Sci, Sch Technol, Shillong 793022, Meghalaya, India","2","A1692"
"Guru Gobind Singh Indraprastha Univ, Univ Sch Environm Management, New Delhi, India","1","A1692"
NA,"3","A2965"
"Natl Environm Engn Res Inst, Environm Genom Unit, Nagpur 440020, Maharashtra, India","1","A2244"
NA,"1","A2933"
"Atom Minerals Directorate Explorat & Res, Hyderabad 500016, Andhra Pradesh, India","3","A1687"
"Islamiah Coll, Dept Biotechnol, Vaniyambadi 635752, Tamil Nadu, India","1","A2665"
"Islamiah Coll, Biotechnol, Vaniyambadi, Tamil Nadu, India","2","A2665"
"Dr Hari Singh Gour Vishwavidyalaya, Dept Bot, Forest Ecol & Ecogen Lab, Sagar 470003, Madhya Pradesh, India","4","A2665"
"Univ Washington, Sch Environm & Forest Sci, Seattle, WA 98195 USA","1","A2665"
"Natl Univ Singapore, Dept Biol Sci, Singapore 117543, Singapore","2","A1954"
NA,"1","A2839"
NA,"1","A2730"
"Qatar Fdn, Genom Lab, Doha 24144, Qatar","7","A0490"
"Qatar Fdn, Dept Med Genet, Doha 24144, Qatar","2","A0490"
"Qatar Fdn, Weill Cornell Med Coll Qatar, Doha 24144, Qatar","3","A0490"
"Helmholtz Zentrum Munchen, MIPS IBIS, D-85764 Neuherberg, Germany","5","A0490"
"Univ Calif Riverside, USDA, ARS, Natl Clonal Germplasm Repository Citrus & Dates, Riverside, CA 92507 USA","1","A0490"
NA,NA,"B0024"
NA,NA,"C0279"
"Amity Univ, Amity Coll Commerce & Finance, Noida, India","1","A0475"
"Univ Petr & Energy Studies, Sch Comp Sci & Engn, Dept Virtualizat, Dehra Dun 248007, Uttarakhand, India","2","A1032"
"Cent Univ Tamil Nadu, Sch Math & Comp Sci, Dept Math, Thiruvarur 610101, Tamil Nadu, India","1","A1032"
"Dept Landscape Level Planning & Management, Thiruvarur, Tamil Nadu, India","1","A1032"
"Wildlife Inst India, Dept Anim Ecol & Conservat Biol, Post Box 18, Dehra Dun 248001, Uttarakhand, India","1","A1032"
"GB Pant Engn Coll, Dept Comp Sci, Ghurdauri, Pauri, India","1","A1032"
"Shiv Nader Univ, Sch Nat Sci, Dept Math, PO Shiv Nader Univ, Gautam Buddha Nagar 201314, Uttar Pradesh, India","1","A1032"
"CRIJAF, Div Crop Prod, Kolkata 700120, India","1","A1722"
"CSWCRTI, Div Agroforestry, Dehra Dun 248195, India","1","A1722"
"Indian Inst Pulses Res, Kanpur 208024, Uttar Pradesh, India","1","A1722"
"ICAR Res Complex NEH Reg, Umiam 793103, Meghalaya, India","5","A1722"
"Tokyo Univ Agr & Technol, Inst Agr, 3-5-8 Saiwai Cho, Fuchu, Tokyo 1838509, Japan","3","A1722"
"Global Environm Forum, Tokyo, Japan","1","A1722"
"Tamil Nadu Agr Univ, Coimbatore, Tamil Nadu, India","2","A1722"
"Univ Montpellier, Inst Agro Montpellier, UMR Eco&Sols, INRAE,CIRAD,IRD, Montpellier, France","1","A1722"
"Univ Aberdeen, IMMPACT, Sch Med & Dent, Aberdeen AB25 2ZD, Scotland","3","A2665"
"Univ Aberdeen, Sch Med, Sch Med & Dent, Aberdeen AB25 2ZD, Scotland","1","A2665"
"Lala Lajpat Rai Univ Vet & Anim Sci, Coll Vet Sci, Dept Vet Parasitol, Hisar 125004, Haryana, India","3","A1692"
"CSK Himachal Pradesh Krishi Vishwavidyalaya, Dept Vet Publ Hlth & Epidemiol, DGCN Coll Vet & Anim Sci, Palampur 176062, HP, India","1","A1692"
"CSK Himachal Pradesh Krishi Vishwavidyalaya, Dept Vet Pharmacol, DGCN Coll Vet & Anim Sci, Palampur 176062, HP, India","1","A1692"
NA,"1","A2906"
"Banaras Hindu Univ, Dept Appl Agr, Rajiv Gandhi South Campus, Mirzapur 231001, India","2","A2665"
"Banaras Hindu Univ, Dept Entomol & Agr Zool, Inst Agr Sci, Varanasi 221005, Uttar Pradesh, India","1","A2665"
NA,"2","A3183"
NA,NA,"C0244"
"Royal Bot Gardens Kew, Mol Systemat Sect, Jodrell Lab, Surrey, England","2","A1692"
"Univ Oxford, Dept Plant Sci, Oxford, England","1","A1692"
"Brown Univ, Div Biol & Med, Providence, RI 02912 USA","1","A1692"
"Gurukula Kangri Vishwavidyalaya, Dept Zool & Environm Sci, Haridwar 249404, India","1","A1722"
"Kamla Nehru Inst Phys & Social Sci, Dept Zool, Sultanpur, Uttar Pradesh, India","1","A1722"
"Uttaranchal Univ, Sch Appl & Life Sci, Dept Chem, Dehra Dun 248007, Uttarakhand, India","1","A1722"
"Wildlife Inst India, Chandrabani Dehradun, Uttarakhand, India","1","A1722"
"Mizoram Univ, Dept Forestry, Aizawl, Mizoram, India","2","A2665"
"Tezpur Univ, Dept Energy, Tezpur 784028, Assam, India","2","A2665"
NA,"1","A2974"
NA,NA,"A3245"
"Annamalai Univ, Ctr Adv Study Marine Biol, Fac Marine Sci, Parangipettai 608502, Tamil Nadu, India","3","A2665"
"Inst Politecn Nacl, Ctr Interdisciplinario Ciencias Marinas, Av IPN SN, La Paz, Bcs, Mexico","1","A2665"
NA,NA,"C0146"
NA,"1","A2875"
NA,NA,"C0204"
"Univ Estadual Maringa, Dept Chem Engn, BR-87020900 Maringa, Parana, Brazil","3","A1692"
"Univ Fed Sergipe, Dept Chem Engn, BR-49100000 Sao Cristovao, Sergipe, Brazil","2","A1692"
"W Parana State Univ Toledo, Dept Chem Engn, BR-85903000 Toledo, Parana, Brazil","2","A1692"
"Univ Delhi, Sch Environm Studies, Ctr Environm Management Degraded Ecosyst, Delhi 110007, India","1","A2665"
"Kerala Forest Res Inst, Dept Forest Bot, Trichur 680653, India","1","A2665"
NA,NA,"C0145"
"Ramakrishna Mission Vidyapith, Vivekananda Inst Trop Mycol VINSTROM, Chennai 600004, Tamil Nadu, India","1","A2665"
"Ramakrishna Mission Vidyapith, Dept Bot, Chennai 600004, Tamil Nadu, India","4","A2665"
NA,NA,"C0057"
NA,NA,"C0218"
"Pondicherry Univ, Dept Ecol & Environm Sci, Pondicherry 605014, India","2","A2674"
NA,"1","A3204"
NA,NA,"C0213"
NA,"1","A2777"
NA,NA,"B0017"
NA,NA,"C0199"
"Cent Inst Fisheries Educ, Div Fish Genet & Biotechnol, Bombay 61, Maharashtra, India","6","A2665"
"Kerala Univ Fisheries & Ocean Studies, Dept Fishery Biol, Kochi, Kerala, India","1","A2665"
"Minist Environm Forest & Climate Change, Natl Ctr Sustainable Coastal Management, Chennai 600025, Tamil Nadu, India","6","A2665"
"Odisha Forestry Sect Dev Soc OFSDS, SFTRI Campus,Seminar Block, Bhubaneswar 751029, India","1","A2665"
"Natl Remote Sensing Agcy, Dept Space Govt India, Atmospher Sci & Oceanog Grp, Atmospher Sci Sect, Hyderabad 500625, Andhra Pradesh, India","4","A1692"
"Univ Tokyo, Atmosphere Ocean Res Inst, Kashiwa, Chiba, Japan","3","A1692"
"Kyushu Univ, Appl Mech Res Inst, Fukuoka, Japan","1","A1692"
"Inst Wood Sci & Technol, Bangalore 560003, Karnataka, India","2","A2175"
"Natl Dairy Res Inst, ICAR, Karnal 132001, Haryana, India","9","A1722"
"Indian Agr Res Inst, ICAR, New Delhi 110012, India","2","A1722"
"Union Bank India, Delhi, India","1","A1722"
"Int Maize & Wheat Improvement Ctr, New Delhi 110012, India","1","A1722"
"CSIR, Cent Salt & Marine Chem Res Inst, Div Marine Biotechnol & Ecol, Gujarat 364002, India","4","A2665"
"Acad Sci & Innovat Res AcSIR, CSIR, New Delhi, India","4","A2665"
"Cent Inst Min & Fuel Res, Environm Management Div, Dhanbad 828108, Jharkhand, India","7","A2631"
"Birla Inst Technol, Dept Remote Sensing, Ranchi 835215, Bihar, India","3","A0698"
NA,"1","A3100"
"Shoolini Univ Biotechnol & Management Sci, Sch Biol & Environm Sci, Solan 173229, India","2","A1341"
"Adama Sci & Technol Univ, Dept Appl Biol, Adama 1888, Ethiopia","2","A1341"
"Guru Nanak Dev Univ, Dept Zool, Amritsar 143005, India","1","A1341"
"Gifu Univ, River Basin Res Ctr, 1-1 Yanagido, Gifu 5011193, Japan","1","A1341"
"Shoolini Univ Biotechnol & Management Sci, Sch Agr Sci, Solan 173229, India","1","A1341"
"Polish Acad Sci, Inst Anim Reprod & Food Res, PL-10748 Olsztyn, Poland","1","A1341"
"Addis Ababa Univ, Coll Nat & Computat Sci, Dept Stat, Addis Ababa 1000, Ethiopia","1","A1341"
"TNAU, Forest Coll & Res Inst, Dept Forest Prod & Wildlife, Mettupalayam 641301, India","1","A1692"
"Tamil Nadu Agr Univ, Controllerate Examinat, Coimbatore 641003, India","1","A1692"
"Forest Coll & Res Inst, Dept Agroforestry, Mettupalayam 641301, India","1","A1692"
"ICAR Cent Arid Zone Res Inst CAZRI, Reg Res Stn RRS, Pali Marwar 306401, Rajasthan, India","1","A2665"
"Tamil Nadu Agr Univ TNAU, Forest Coll & Res Inst FC&RI, Mettupalayam 641301, Tamil Nadu, India","1","A2665"
"ATREE, Bangalore 560064, Karnataka, India","2","A1692"
"Univ Milano Bicocca, Dept Earth & Environm Sci, RULE, I-MADHURA N Milan, Italy","3","A1692"
"Azim Premji Univ, PES Inst Technol Campus, Sch Dev, Bangalore 560100, Karnataka, India","1","A1692"
"Natl Bur Plant Genet Resources, ICAR, New Delhi, India","4","A2665"
"Sher E Kashmir Univ Agr Sci & Technol Kashmir, Srinagar, J&K, India","2","A2665"
NA,NA,"C0171"
"Mekelle Univ, Coll Nat & Computat Sci, Dept Biol, Mekelle 3033, Tigray, Ethiopia","1","A1722"
"Univ Arkansas, Dept Biol Sci, Fayetteville, AR USA","1","A1722"
"Navdanya, Dehra Dun, Uttarakhand, India","1","A1722"
"Hemwati Nandan Bahuguna Garhwal Cent Univ, Dept Bot, Garhwal, Uttarakhand, India","1","A1722"
NA,NA,"A3345"
"St Johns Coll, Sch Chem Sci, Dept Chem, Agra 282002, Uttar Pradesh, India","2","A2513"
"ITC Life Sci & Technol Ctr, Peenya Ind Area Phase 1, Bangalore 560058, Karnataka, India","4","A1712"
NA,NA,"C0249"
NA,NA,"C0285"
"Rajmata Vijayaraje Scindia Krishi Vishwa Vidyala, Gwalior 474002, India","3","A1692"
"ICAR Indian Inst Wheat & Barley Res, Karnal 132001, Haryana, India","2","A1692"
"Int Ctr Agr Res Dry Areas ICARDA, Rabat 10000, Morocco","1","A1692"
"Gurukula Kangri Deemed Univ, Fac Management Studies, Haridwar, Uttarakhand, India","3","A0055"
"Hebrew Univ Jerusalem Hadassah Hosp & Med Sch, Fac Med Dent, Dept Prosthodont, POB 12272, IL-91120 Jerusalem, Israel","4","A1692"
"Hadassah Hebrew Univ Hosp, Dept Med, Jerusalem, Israel","1","A1692"
"Hebrew Univ Jerusalem Hadassah Hosp & Med Sch, Fac Med Dent, Inst Dent Res, Jerusalem, Israel","1","A1692"
"Dibrugarh Univ, Ctr Studies Biotechnol, Dibrugarh 786004, Assam, India","1","A1692"
"Gauhati Univ, Dept Biotechnol, Gauhati 781014, Assam, India","1","A1692"
"Inst Adv Study Sci & Technol, Div Life Sci, Biofertilizer Unit, Gauhati 781035, Assam, India","2","A1692"
NA,"12","A2780"
"Univ Minnesota Twin Cities, Dept Forest Resources, Minneapolis, MN 55455 USA","1","A1502"
"Banaras Hindu Univ, Dept Entomol & Agr Zool, Varanasi 221005, Uttar Pradesh, India","1","A2665"
"ICAR Indian Agr Res Inst, Div Entomol, New Delhi 110012, India","3","A2665"
NA,NA,"C0256"
"Univ Delhi, CEMDE, Dept Environm Studies, Delhi 110007, India","2","A0490"
"Univ Peruana Cayetano Heredia, Fac Ciencias & Filosofia, LID, Lab Ecol Evolut, Lima, Peru","1","A0490"
"Univ Los Andes, Inst Ciencias Ambientales & Ecol, Merida, Venezuela","2","A0490"
"Univ Montana, Div Biol Sci, Missoula, MT 59812 USA","2","A0490"
"Univ Hawaii Manoa, Dept Bot, Honolulu, HI 96822 USA","1","A0490"
"SGSITS, Dept Mech Engn, Indore, Madhya Pradesh, India","3","A0646"
"Port & Airport Res Inst, Coastal & Estuarine Environm Res Grp, Yokosuka, Kanagawa, Japan","1","A0490"
"Hong Kong Univ Sci & Technol, Dept Ocean Sci, Kowloon, Hong Kong, Peoples R China","1","A0490"
"Jadavpur Univ, Sch Oceanog Studies, Kolkata, W Bengal, India","1","A0490"
"MIT, Dept Civil & Environm Engn, 77 Massachusetts Ave, Cambridge, MA 02139 USA","1","A0490"
"Inst Global Environm Strategies, Integrated Sustainabil Ctr ISC, Hayama, Kanagawa, Japan","1","A0490"
"ICAR IIHR, Cent Hort Expt Stn, Bhubaneswar, Odisha, India","1","A1348"
"ICAR Cent Soil Salin Res Inst, Karnal 132001, India","4","A1722"
"ICAR Indian Inst Soil & Water Conservat, Res Ctr, Anand 388306, Gujarat, India","4","A1722"
"VCSGUUHF, Coll Forestry, Tehri 249199, India","1","A1722"
"Dr Yashwant Singh Parmar Univ Hort & Forestry, Solan 173230, India","1","A1722"
"ICAR Natl Inst Vet Epidem Iol & Dis Informat NIVE, Yelahanka, Bengaluru, India","5","A3010"
"Coll Vet Sci, Dept Parasitol, Gauhati, Assam, India","1","A3010"
"IIT, Dept Biosci & Bioengn, Gauhati, Assam, India","1","A3010"
"Kansas State Univ, Coll Vet Med, Dept Clin Sci, Manhattan, KS 66506 USA","1","A3010"
"ICAR Natl Inst High Secur Anim Dis NIHSAD, Bhopal, Madhya Pradesh, India","1","A3010"
"King Saud Univ, Coll Sci, Dept Bot & Microbiol, POB 2455, Riyadh 11451, Saudi Arabia","5","A3010"
"JSS Acad Higher Educ & Res JSS AHER, Sch Life Sci, Dept Biotechnol & Bioinfottnat, Mysuru 570015, Karnataka, India","1","A3010"
"Amrita Vishwa Vidyapeetham, Dept Sci, Amrita Sch Arts & Sci, Mysuru Campus, Mysuru 570026, Karnataka, India","1","A3010"
"Univ Delhi, Dept Environm Studies, Delhi 110007, India","1","A2665"
"Univ Delhi, Ctr Interdisciplinary Studies Mt & Hill Environm, Delhi 110007, India","2","A2665"
"Indian Inst Remote Sensing, Forestry & Ecol Dept, 4 Kalidas Rd, Dehra Dun 248001, Uttar Pradesh, India","3","A1692"
"Uttarakhand Space Applicat Ctr, Forestry & Climate Change Div, 93-2 Vasant Vihar, Dehra Dun 248006, Uttar Pradesh, India","1","A1692"
"Wildlife Inst India, PB 18, Dehra Dun 248002, Uttar Pradesh, India","2","A1692"
"Natl Inst Technol Hamirpur, Dept Architecture, Hamirpur 177005, HP, India","1","A1692"
"Sch Planning & Architecture, Vijayawada 520008, AP, India","1","A1692"
"Natl Inst Technol Hamirpur, Dept Civil Engn, Hamirpur 177005, HP, India","1","A1692"
"ICAR Directorate Coldwater Fisheries Res, Naini Tal, India","2","A0490"
"ICAR Cent Inst Freshwater Aquaculture, Bhubaneswar, India","2","A0490"
"ACTREC, Kharghar, India","1","A0490"
"Kumaun Univ, Dept Biotechnol, Naini Tal, India","1","A0490"
"St Anthonys Coll, Shillong, Meghalaya, India","2","A0490"
"Concordia Univ, Ctr Struct & Funct Genom, Biol Dept, 7141 Sherbrooke West, Montreal, PQ H4B 1R6, Canada","2","A0490"
"Quebec Ctr Biodivers Sci, 1205 Dr Penfield Ave, Montreal, PQ H3A 1B1, Canada","2","A0490"
"Ashoka Trust Res Ecol & Environm, Suri Sehgal Ctr Biodivers & Conservat, Bangalore 560064, Karnataka, India","1","A0490"
"French Inst Pondicherry, 11 St Louis St,POB 33, Pondicherry 605001, India","1","A0490"
"Univ Agr Sci, Dept Crop Physiol, Bangalore, Karnataka, India","1","A0490"
NA,"1","A2914"
"Univ Rajasthan, Dept Bot, Jaipur 302004, Rajasthan, India","1","A2665"
"Univ Delhi, Dept Bot, Nat Resource Management Lab, North Campus, Delhi 110007, India","1","A2665"
NA,"1","A2601"
NA,NA,"C0222"
NA,"3","A2951"
NA,"1","A3172"
"HNB Garhwal Univ, Dept Forestry & Nat Resources, Srinagar 249161, Uttarakhand, India","2","A2665"
"Nanjing Univ Informat Sci & Technol, Sch Hydrol & Water Resources, Nanjing 210044, Peoples R China","1","A2665"
NA,NA,"C0226"
"CSIR, Natl Inst Oceanog, Panaji 403004, Goa, India","4","A1817"
NA,NA,"C0106"
"UAS, Coll Agr, Dept Agr Extens, GKVK Campus, Bangaluru 560065, Karnataka, India","1","A1931"
"St Louis Univ, Sch Med, 1402 South Grand Blvd, St Louis, MO 63104 USA","1","A1722"
"Publ Hlth Fdn India, Hlth Promot & Tobacco Control, Plot 47,Sect 44, Gurgaon 122002, India","1","A1722"
"Publ Hlth Fdn India, Plot 47,Sect 44, Gurgaon 122002, India","1","A1722"
"Johns Hopkins Univ, Dept Hlth Behav & Soc, 624 N Broadway, Baltimore, MD 21205 USA","1","A1722"
"Univ Florida, Inst Food & Agr Sci, Sch Forest Resources & Conservat, Gainesville, FL 32611 USA","2","A1692"
"Univ Florida, Inst Food & Agr Sci, Soil & Water Sci Dept, Gainesville, FL 32611 USA","1","A1692"
"Kerala Agr Univ, Dept Silviculture & Agroforestry, Trichur, Kerala, India","1","A1692"
"CSIR, Natl Bot Res Inst, Plant Mol Biol & Genet Engn Div, Lucknow 226001, Uttar Pradesh, India","1","A2665"
"CSIR, Natl Bot Res Inst, Plant Divers Systemat & Herbarium Div, Lucknow 226001, Uttar Pradesh, India","5","A2665"
"Tripura Univ, Dept Forestry & Biodivers, Suryamaninagar, Agartala, Tripura, India","4","A2665"
"Mizoram Univ, Dept Forestry, Aizawl, India","2","A2665"
NA,NA,"C0076"
NA,"3","A2792"
NA,"1","A2899"
"Indian Sch Mines Univ, Dept Environm Sci & Engn, Dhanbad 826004, Jharkhand, India","3","A2663"
NA,NA,"C0190"
"Shahid Beheshti Univ, GC, Fac Life Sci & Biotechnol, Dept Genet, Tehran 1983963113, Iran","2","A1692"
"Shahid Beheshti Univ, GC, Fac Life Sci & Biotechnol, Dept Anim Sci, Tehran 1983963113, Iran","1","A1692"
"IFSRI, POB 14155-6116, Tehran, Iran","1","A1692"
"Indian Inst Remote Sensing, Dehra Dun 248001, Uttar Pradesh, India","2","A1692"
"Indian Inst Technol, Roorkee 247667, Uttar Pradesh, India","1","A1692"
"Natl Inst Technol, Raipur 492013, Madhya Pradesh, India","1","A1692"
"Salim Ali Ctr Ornithol & Nat Hist SACON, Div Conservat Ecol, Coimbatore 641108, Tamil Nadu, India","2","A1692"
"Sikkim Univ, Dept Zool, Tadong 737102, Gangtok, India","1","A1692"
"Salim Ali Fdn, Trichur 680027, Kerala, India","1","A1692"
"CSIR Natl Inst Oceanog CSIR NIO, Biol Oceanog Div BOD, Panaji 403004, Goa, India","1","A0704"
"Indian Inst Trop Meteorol, Ctr Climate Change Res, Pune 411008, Maharashtra, India","2","A1722"
"Tezpur Univ, Dept Environm Sci, Tezpur 784028, India","1","A1722"
"Univ Edinburgh, Sch Geosci, Edinburgh EH9 3FF, Midlothian, Scotland","1","A1722"
"Savitribai Phule Pune Univ, Dept Atmospher & Space Sci, Pune 411007, Maharashtra, India","1","A1722"
"CSIR Natl Bot Res Inst, Plant Ecol & Climate Change Sci Div, Rana Pratap Marg, Lucknow 226001, Uttar Pradesh, India","3","A1692"
"Ctr Oceans Rivers Atmosphere & Land Sci, Indian Inst Technol Kharagpur, Kharagpur, W Bengal, India","2","A1692"
"Panjab Univ, UIET, Sect 25, Chandigarh, India","1","A1692"
"Vellore Inst Technol, Sch Elect Engn, Dept Commun Engn, Vellore, Tamil Nadu, India","1","A3010"
"Vellore Inst Technol, Sch Elect Engn, Dept Control & Automation, Vellore, Tamil Nadu, India","1","A3010"
"Univ Lagos, Fac Engn, Dept Elect & Elect Engn, Lagos, Nigeria","1","A3010"
"Inst Digital Commun Ruhr Univ, Dept Elect Engn & Informat Technol, Bochum, Germany","1","A3010"
"Anderson Univ, Coll Engn, Dept Elect & Comp Engn, Anderson, SC USA","1","A3010"
"Prince Shri Venkateshwara Padmavathy Engn Coll, Chennai, Tamil Nadu, India","1","A3010"
"Prince Sattam Bin Abdulaziz Univ, Coll Comp Engn & Sci, Al Kharj, Saudi Arabia","1","A3010"
"Univ Dev Studies, Sch Engn, Elect Engn Dept, Nyankpala Campus, Nyankpala, Ghana","1","A3010"
"Ashoka Trust Res Ecol Environm, Ctr Biodivers & Conservat, Bengaluru 560064, Karnataka, India","3","A1722"
"Manipal Univ, Udupi 576104, Karnataka, India","2","A1722"
"Int Ctr Integrated Mt Dev, GPO Box 3226, Kathmandu, Nepal","1","A1722"
"Azim Premji Univ, Sch Dev, PES Inst Technol Campus,Pixel Pk,B Block,Hosur Rd, Bengaluru 560100, Karnataka, India","1","A1722"
NA,NA,"C0059"
"Int Crops Res Inst Semi Arid Trop, Patancheru, Andhra Pradesh, India","3","A1692"
"US Geol Survey, Western Geog Sci Ctr, Flagstaff, AZ 86001 USA","2","A1692"
"Humboldt State Univ, Arcata, CA 95521 USA","1","A1692"
"Tripura Univ, Dept Zool, Dasaratha Deb Mem Coll, Khowai 799201, Tripura, India","1","A1230"
"Assam Univ, Dept Ecol & Environm Sci, Silchar 788011, Assam, India","3","A2665"
"Plot 1244 Ibex Hill, Lusaka, Zambia","1","A2665"
NA,NA,"A3241"
NA,"1","A3022"
"Univ Kalyani, Dept Geog, Kalyani 741235, W Bengal, India","2","A2665"
"Kalipada Ghosh Tarai Mahavidyalaya, Dept Geog, Darjeeling 734014, W Bengal, India","1","A2665"
"ICAR Indian Inst Soil Sci, Berasia Rd, Bhopal 462038, India","7","A1722"
"Indira Gandhi Krishi Vishwa Vidyalaya, Dept Soil Sci & Agr Chem, Raipur 492012, Madhya Pradesh, India","2","A1722"
"ICAR Directorate Mushroom Res, Chambaghat 173213, Solari, India","1","A1722"
"Univ Queensland, Sch Agr & Food Sci, Brisbane, Qld 4072, Australia","1","A1722"
"Indian Inst Technol Hyderabad, Dept Civil Engn, Hyderabad, Telangana, India","2","A1183"
NA,NA,"C0055"
"ICAR Natl Bur Soil Survey & Land Use Planning, Reg Ctr, Bangalore 560024, Karnataka, India","4","A0586"
"Cooch Behar Panchanan Barma Univ, Dept Geog, Cooch Behar 736101, India","1","A2665"
"Univ North Bengal, Dept Geog & Appl Geog, Darjeeling 734013, India","3","A2665"
NA,"3","A3168"
NA,NA,"B0004"
"US Geol Survey, SW Geog Sci Ctr, Flagstaff, AZ 86001 USA","1","A1535"
"Univ Oklahoma, Norman, OK 73019 USA","1","A1535"
"Univ Maryland, Dept Geog, College Pk, MD 20742 USA","2","A1535"
"UN Joint Logist Ctr, Juba, Sudan","1","A1535"
"S Dakota State Univ, Geog Informat Sci Ctr Excellence, Brookings, SD 57007 USA","1","A1535"
"IWMI, Colombo, Sri Lanka","4","A1535"
"ICAR Res Complex, Natl Bur Soil Survey & Land Use Planning, Nagpur, Maharashtra, India","1","A1535"
"St Prod, Melbourne, Vic 3054, Australia","1","A1535"
"Boston Univ, Boston, MA 02215 USA","1","A1535"
"Indian Inst Remote Sensing, Dehra Dun, Uttar Pradesh, India","1","A1535"
"ICAR Res Complex Goa, Old Goa 403402, Goa, India","3","A1974"
"North Eastern Reg Inst Sci & Technol Deemed Univ, Dept Forestry, Nirjuli 791109, Arunachal Prade, India","5","A0490"
"North Eastern Reg Inst Sci & Technol Deemed Univ, Dept Agr Engn, Nirjuli, Arunachal Prade, India","1","A0490"
"Manipur Univ, Sch Life Sci, Dept Bot, Imphal, Manipur, India","1","A0490"
"Mizoram Univ, Dept Environm Sci, Aizawl, Mizoram, India","2","A0490"
"North Eastern Reg Inst Sci & Technol Deemed Univ, Dept Elect & Commun Engn, Nirjuli, Arunachal Prade, India","1","A0490"
"Indian Inst Technol, Dept Civil Engn, Kanpur 208016, Uttar Pradesh, India","4","A2358"
NA,"2","A2866"
NA,"1","A3207"
"ICAR Indian Agr Res Inst IARI, New Delhi 110012, India","9","A3010"
"ICAR Indian Agr Res Inst IARI, Soil Sci & Agr Chem, New Delhi 110012, India","2","A3010"
"ICAR Indian Agr Stat Res Inst IASRI, New Delhi 110012, India","1","A3010"
"ICAR Cent Potato Res Inst CPRI, Shimla 171001, India","1","A3010"
"ICAR Cent Res Inst Jute & Allied Fibers, Barakpur 700120, W Bengal, India","1","A3010"
"ICAR Indian Agr Res Inst IARI, Water Technol Ctr, New Delhi 110012, India","1","A3010"
"Chaudhary Charan Singh Haryana Agr Univ CCSHAU, Hisar 125004, Haryana, India","1","A3010"
"ICAR Indian Agr Res Inst IARI, Div Microbiol, New Delhi 110012, India","1","A3010"
"Coll Forestry, Ponnampet, India","7","A2665"
"KSNUAHS, Shivamogga, India","7","A2665"
NA,"1","A2804"
NA,NA,"C0258"
"Univ Gour Banga, Dept Geog, Malda, W Bengal, India","2","A0855"
"North Eastern Hill Univ, Ctr Adv Studies Bot, Shillong 793022, Meghalaya, India","3","A2665"
"Rajiv Gandhi Univ, Dept Bot, Doimukh 791112, Arunachal Prade, India","1","A2665"
NA,NA,"C0211"
NA,NA,"C0140"
"Univ Calcutta, Dept Zool, Aquat Bioresource Res Lab, Kolkata 700019, India","4","A1986"
"Inst Wood Sci & Technol, Malleswaram 560003, Bengaluru, India","2","A2665"
"Shriram Inst Ind Res, Delhi 110007, India","1","A2665"
"Indian Council Agr Res, Directorate Coldwater Fisheries Res, Mol Genet Lab, Naini Tal 263136, Uttarakhand, India","6","A1910"
"CSIR, Cent Inst Med & Aromat Plants, Res Ctr, Udham Singh Nagar 263149, Uttarakhand, India","3","A2665"
"CSIR, Cent Inst Med & Aromat Plants, Lucknow 226015, Uttar Pradesh, India","1","A2665"
"Phys Res Lab, Geosci Div, Ahmadabad 380009, Gujarat, India","2","A1692"
"Univ Agr Sci Bangalore, Dept Agr Sci, Bangalore 560065, Karnataka, India","1","A1692"
"Indian Inst Trop Meteorol, Pune 411008, Maharashtra, India","1","A1692"
"Tamil Nadu Agr Univ, Forest Coll & Res Inst, Mettupalayam 641301, Tamil Nadu, India","4","A1214"
NA,"1","A3141"
"Cent Arid Zone Res Inst, Jodhpur 342003, Rajasthan, India","1","A2665"
"Natl Remote Sensing Ctr, Hyderabad, Andhra Pradesh, India","1","A2665"
"Univ Tehran, Coll Engn, Sch Surveying & Geospatial Engn, GIS Dept, Tehran, Iran","1","A1722"
"Univ Tehran, Coll Engn, Sch Surveying & Geospatial Engn, Ctr Excellence Geomat Engn Disaster Management, Tehran, Iran","1","A1722"
"Univ Calif Riverside, Ctr Conservat Biol, Riverside, CA 92521 USA","1","A1722"
"Tarbiat Modares Univ, Dept GIS & RS, Tehran, Iran","1","A1722"
NA,"1","A2841"
"Pondicherry Univ, Dept Ecol & Environm Sci, Pondicherry 605014, India","3","A1930"
"Victoria Univ Wellington, Sch Biol Sci, Wellington 6140, New Zealand","3","A2665"
"Victoria Univ Wellington, Sch Math Stat & Operat Res, Wellington, New Zealand","1","A2665"
"Bioinformat Grp, Pune, Maharashtra, India","3","A1692"
"Natl Inst Virol, ICMR, Sus Rd, Pune 411021, Maharashtra, India","4","A1692"
"Natl Inst Virol, ICMR, Kerala Unit, Alappuzha, India","1","A1692"
NA,NA,"C0229"
"JalaSRI Watershed Surveillance & Res Inst, Jalgaon 425002, Maharashtra, India","1","A1692"
"USDA Forest Serv, Pacific NW Res Stn, Portland, OR 97205 USA","1","A1692"
"Wildlife Inst India, Dehra Dun 248001, Uttar Pradesh, India","1","A1692"
"Indira Gandhi Natl Tribal Univ, Amarkantak, India","4","A1032"
"VCSG Uttarakhand Univ Hort & Forestry, Coll Forestry, Tehri Garhwal, India","1","A1032"
"Rani Lakshmi Bai Cent Agr Univ, Coll Hort & Forestry, Jhansi, Uttar Pradesh, India","2","A1032"
"Cent MugaEri Res & Training Inst, Cent Silk Board, Jorhat, Assam, India","1","A1032"
"HNB Garhwal Univ, Dept Forestry & Nat Resources, Srinagar, India","1","A1032"
"Nanjing Univ Informat Sci & Technol, Sch Hydrol & Water Resources, Nanjing, Peoples R China","1","A1032"
"ICAR Cent Arid Zone Res Inst, Reg Res Inst, Pali Marwar 306401, India","1","A2665"
"Tamil Nadu Agr Univ, Forest Coll & Res Inst, Coimbatore 641301, Tamil Nadu, India","1","A2665"
"Indira Gandhi Agr Univ, Dept Forestry, Raipur, Chhattisgarh, India","3","A1965"
NA,NA,"C0240"
"MoES, ESSO, Natl Ctr Medium Range Weather Forecasting, Noida 201309, India","6","A2665"
"ISRO, Atmospher & Climate Sci Grp, Natl Remote Sensing Ctr, Earth & Climate Sci Area, Hyderabad 500037, Andhra Pradesh, India","1","A2665"
NA,NA,"B0007"
"Salim Ali Ctr Ornithol & Nat Hist, Coimbatore 641108, Tamil Nadu, India","4","A1692"
"Kerala Forest Res Inst, Div Forest Ecol & Biodivers Conservat, Peechi 680653, India","2","A1692"
"Poompuhar Coll, Melaiyur 609107, Nagapattinam, India","1","A1692"
"Punjab Agr Univ, Dept Agr Meteorol, Ludhiana 141004, Punjab, India","5","A1692"
"Punjab Agr Univ, Punjab Remote Sensing Ctr, Ludhiana 141004, Punjab, India","1","A1692"
"Punjab Agr Univ, Dept Agron, Ludhiana 141004, Punjab, India","1","A1692"
NA,NA,"C0283"
NA,"2","A3226"
NA,NA,"B0018"
NA,"1","A2474"
"ISRO, IIRS, Dehra Dun, Uttar Pradesh, India","2","A2665"
"Indian Inst Technol, Roorkee, Uttar Pradesh, India","1","A2665"
"Era Univ, Eras Lucknow Med Coll & Hosp, Dept Med Res, Lucknow, Uttar Pradesh, India","1","A1692"
"Era Univ, Eras Lucknow Med Coll & Hosp, Dept Microbiol, Lucknow 226003, Uttar Pradesh, India","1","A1692"
"Era Univ, Eras Lucknow Med Coll & Hosp, Dept Pathol, Lucknow, Uttar Pradesh, India","1","A1692"
"Sri Padmavathi Mahila Visvavidyalayam, Dept Appl Microbiol, Tirupati, AP, India","3","A1692"
"Sri Krishnadevaraya Univ, Dept Microbiol, Anantapur, AP, India","1","A1692"
"Sri Venkateswara Univ, Dept Virol, Appl Microbiol Lab, Tirupati, AP, India","1","A1692"
NA,NA,"B0022"
"Sambalpur Univ, PG Dept Environm Sci, Sambalpur 768019, India","3","A0823"
"Int Ctr Integrated Mt Dev, GPO Box 3226, Kathmandu, Nepal","3","A0490"
"Res Ctr Appl Sci & Technol RECAST, Kathmandu, Nepal","2","A0490"
"GBPNIHESD, Sikkim, India","2","A0490"
"Dept Forest & Pk Serv, Nat Conservat Div, Thimphu, Bhutan","2","A0490"
"Govt Sikkim, Chief Ministers Off, Gangtok, Sikkim, India","1","A0490"
"Panjab Univ, Dept Anthropol, Chandigarh 160014, India","2","A2665"
"Guru Nanak Dev Univ, Dept Human Genet, Amritsar 143005, Punjab, India","4","A2665"
NA,"1","A3228"
NA,NA,"C0005"
"Univ Florence, Dipartimento Sci & Tecnol Agr Alimentari Ambienta, Viale Idee 30, I-50019 Sesto Fiorentino, Italy","1","A1692"
"Univ Milano Bicocca, Dept Biotechnol & Biosci, Piazza Sci 2, I-20126 Milan, Italy","1","A1692"
"Univ Montreal, Inst Rech Biol Vegetale, Montreal, PQ, Canada","2","A1692"
"Tagore Govt Arts & Sci Coll, Dept Bot, Lawspet 605008, Puducherry, India","2","A1032"
"Novel Res Acad, 194 Thiruvalluvar Salai, Kuyavarpalayam 605013, Puducherry, India","1","A1032"
"James Cook Univ, Ctr Trop Environm & Sustainabil Sci TESS, Cairns, Qld 4878, Australia","1","A1032"
"James Cook Univ, Coll Sci & Engn, Cairns, Qld 4878, Australia","1","A1032"
"French Inst Pondicherry, Ecol Dept, Pondicherry 605001, India","1","A1032"
"Chinese Acad Sci, Gardening & Hort Dept, Xishuangbanna Trop Bot Garden, Mengla 666303, Yunnan, Peoples R China","1","A1032"
"NE Hill Univ, Sch Life Sci, Ctr Adv Studies Bot, Shillong 793022, Meghalaya, India","2","A2665"
"NE Hill Univ, Sch Technol, Dept Basic Sci & Social Sci, Shillong 793022, Meghalaya, India","1","A2665"
"St Baba Bhag Singh Univ, Dept Zool, Jalandhar 144030, Punjab, India","1","A2665"
"Panjab Univ, Dept Zool, Chandigarh 160014, Chandigarh, India","1","A2665"
"Rajendra Agr Univ, Dept Forestry, Samastipur 848125, Bihar, India","2","A2720"
NA,NA,"C0015"
NA,NA,"B0005"
"Indian Inst Technol Kharagpur, Dept Civil Engn, Kharagpur 721302, W Bengal, India","2","A2665"
"Curtin Univ, Sustainable Engn Grp, Perth, WA 6102, Australia","2","A2665"
"ATREE, Suri Sehgal Ctr Biodivers & Conservat, Bangalore 560064, Karnataka, India","4","A0490"
"Univ Agr Sci Bangalore, GKVK, Dept Environm & Forest, Bangalore 560065, Karnataka, India","1","A0490"
"Univ Agr Sci Bangalore, GKVK, Dept Crop Physiol, Bangalore 560065, Karnataka, India","1","A0490"
"Univ Agr Sci Bangalore, GKVK, Sch Ecol & Conservat, Bangalore 560065, Karnataka, India","2","A0490"
"CIFOR, JKPWB, Jakarta 10065, Indonesia","1","A0490"
"Indraprastha Inst Informat Technol, New Delhi 110020, India","1","A0305"
"Bidhan Chandra Krishi Viswavidyalaya, Mohanpur 741252, West Bengal, India","8","A1341"
"ICAR Indian Agr Res Inst, New Delhi 110012, India","2","A1341"
"Global Evergreening Alliance, 1 Vis Dr,East Burwood, Melbourne, Vic 3151, Australia","1","A1341"
"Ramakrishna Mission Vivekananda Educ & Res Inst, Sch Agr & Rural Dev, Kolkata 700103, India","1","A1341"
"ICAR Indian Agr Stat Res Inst, New Delhi 110012, India","1","A1341"
"Govt West Bengal, Directorate Agr, Kolkata 1, West Bengal, India","1","A1341"
"Inst Study & Dev Worldwide, 8-45 Henley Rd,Homebush West, Sydney, NSW 2140, Australia","1","A1341"
"Doon Univ, Sch Environm & Nat Resources, Dehra Dun 248012, Uttarakhand, India","5","A0499"
NA,NA,"B0003"
"Govt Haryana, Forest Dept, Panchkula 134109, India","2","A1692"
"Cent Soil Salin Res Inst, Karnal 132001, India","5","A1692"
"CCS Haryana Agr Univ, Hisar 125004, Haryana, India","1","A1692"
NA,"1","A3094"
NA,NA,"C0345"
NA,NA,"A3331"
NA,NA,"B0026"
NA,"4","A2872"
"Indian Inst Sci, Ctr Ecol Sci, Energy & Wetland Res Grp, Bangalore 560012, Karnataka, India","3","A1953"
"GB Pant Natl Inst Himalayan Environm, Ctr Environm Assessment & Climate Change, Kosi Katarmal 263643, Almora, India","1","A1692"
"Himalayan Forest Res Inst, Conifer Campus, Panthaghati 171013, Shimla, India","1","A1692"
"Graph Era Deemed Univ, Dept Biotechnol, Bell Rd, Dehra Dun 248002, Uttarakhand, India","1","A1692"
NA,"2","A2920"
"Univ Sci & Technol, Baridua 9th Mile, Meghalaya, India","3","A2665"
"Rain Forest Res Inst, Jorhat, Assam, India","1","A2665"
"Indian Inst Technol Hyderabad, Dept Civil Engn, Hyderabad, Telangana, India","2","A1722"
"Dr Panjabrao Deshmukh Krishi Vidyapeeth, Dept Plant Pathol, Akola, Maharashtra, India","2","A1722"
"Univ Calif Riverside, Dept Environm Sci, Riverside, CA 92521 USA","1","A1722"
"Indian Inst Technol, Ctr Studies Resource Engn, Powai, India","1","A1722"
"Assam Agr Univ, Krishi Vigyan Kendra, Diphu 782462, Assam, India","2","A0490"
"Assam Agr Univ, Reg Agr Res Stn, Karbi Anglong 782462, Assam, India","1","A0490"
"Assam Agr Univ, Directorate Extens Educ, Jorhat 785013, Assam, India","2","A0490"
"Govt Assam, Anim Husb & Vet Dept, Kamrup 781037 M, Assam, India","1","A0490"
"Assam Agr Univ, Coll Vet Sci, Dept Anim Biotechnol, Khanapara 781022, Assam, India","1","A0490"
NA,NA,"C0029"
"ELA Fdn, C-9 Bhosale Pk, Pune 411009, Maharashtra, India","4","A1692"
"Savitribai Phule Univ, Dept Environm Sci, Pune, Maharashtra, India","1","A1692"
"Ben Gurion Univ Negev, Eilat Campus,POB 272, IL-88000 Elat, Israel","1","A1692"
NA,"1","A3249"
"ICAR Indian Agr Res Inst, Div Fruits & Hort Technol, New Delhi 110012, India","5","A1722"
"ICAR Natl Rea Ctr Seed Spices, Ajmer, India","1","A1722"
"Insian Council Agr Res, New Delhi, India","1","A1722"
"ICAR Natl Inst Plant Biotechnol, New Delhi 110012, India","1","A1722"
"Karnatak Univ, Dept Zool, Environm Toxicol & Mol Biol Lab, Dharwad 580003, Karnataka, India","2","A2665"
"Cent Univ Kerala, Dept Environm Sci, Kasaragod 671316, Kerala, India","1","A2665"
NA,NA,"C0051"
"Pondicherry Univ, Dept Ecol & Environm Sci, Pondicherry 605014, India","2","A2610"
NA,"3","A3109"
"Dolphin PG Inst Biomed & Nat Sci, Dept Forestry, Manduwala Dehradun 248007, Uttarakhand, India","1","A1722"
"HNB Garhwal Univ Srinagar Garhwal, Dept Forestry & Nat Resources, Uttarkhand 246174, India","3","A1722"
"TERI, New Delhi 110003, India","1","A1722"
"Bot Discipline FRI Dehradun, Plant Physiol Div, Dehra Dun 248006, India","1","A1722"
NA,"2","A3024"
"Inst Natl Informat Geog & Forestiere, Lab Inventaire Forestier, F-54000 Nancy, France","1","A0490"
"Inst Francais Pondichery, UMIFRE CNRS MAEE 21, Pondicherry 605001, India","5","A0490"
"FPInnovations, Montrea, PQ H9R 3J9, Canada","1","A0490"
"Natl Remote Sensing Ctr, Hyderabad 500037, Andhra Pradesh, India","3","A0490"
"IRD, UMR AMAP, F-34000 Montpellier, France","2","A0490"
"Sher E Kashmir Univ Agr Sci & Technol, Fac Forestry, Benhama Ganderbal, Kashmir, India","6","A0634"
"Univ Calcutta, Dept Bot, Ctr Adv Studies, Kolkata 700019, W Bengal, India","2","A2364"
"CIRAD, UPR AGIRs, F-34398 Montpellier 05, France","3","A1722"
"AgroParisTech, F-75321 Paris 05, France","6","A1722"
"INRA, Genet & Diversite Anim UMR1236, F-78352 Jouy En Josas, France","6","A1722"
"NIAH, Tu Liem, Ha Noi, Vietnam","4","A1722"
"Deakin Univ, Inst Phys Act & Nutr, Fac Hlth, Melbourne, Vic, Australia","2","A2450"
"Khulna Univ, Stat Discipline, Khulna, Bangladesh","2","A2450"
"Khulna Univ, Elect & Commun Engn Discipline, Khulna, Bangladesh","1","A2450"
"Thomas Jefferson Univ, Dept Hosp Med, Philadelphia, PA USA","1","A2450"
"Bangabandhu Sheikh Mujibur Rahman Sci & Technol Un, Dept Comp Sci & Engn, Gopalganj, Bangladesh","1","A2450"
"Cent Queensland Univ, Sch Hlth Med & Appl Sci, Sydney, NSW, Australia","1","A2450"
"Deakin Univ, Inst Intelligent Syst Res & Innovat, Geelong, Vic, Australia","1","A2450"
"Deakin Univ, Sch Informat Technol, Geelong, Vic, Australia","1","A2450"
"Univ Sydney, Fac Med & Hlth, Westmead Appl Res Ctr, Sydney, NSW, Australia","2","A2450"
"ICAR Indian Grassland & Fodder Res Inst, Jhansi, Uttar Pradesh, India","7","A2665"
"ICAR Natl Bur Agr Important Microorganisms, Kushmaur, India","1","A2665"
NA,"3","A2825"
"Nanjing Univ, Sch Med, Affiliated Drum Tower Hosp, Dept Gastroenterol, Nanjing 210008, Peoples R China","6","A2045"
NA,NA,"A3243"
NA,"1","A3072"
NA,NA,"B0014"
"IIASA, Laxenburg, Austria","1","A2665"
"CEEW, New Delhi, India","1","A2665"
"BIT, Dept Remote Sensing, Ranchi 835215, Jharkhand, India","1","A1692"
"Univ Southampton, Global Environm Change & Earth Observat Res Grp, Southampton SO17 1BJ, Hants, England","2","A1692"
"Univ Nat Resources & Life Sci BOKU, Inst Surveying Remote Sensing & Land Informat, Vienna, Austria","1","A1692"
NA,NA,"C0033"
NA,"3","A3210"
"Indian Inst Technol, Ctr Oceans Rivers Atmosphere & Land Sci, Kharagpur 721302, W Bengal, India","5","A2318"
"Amrita Vishwa Vidyapeetham, Ctr Computat Engn & Networking, Coimbatore, Tamil Nadu, India","3","A1205"
"Natl Ctr Biol Sci, Wildlife Conservat Soc India Program, Post Grad Programme Wildlife Biol & Conservat, Bengaluru, India","1","A1701"
"GB Pant Univ Agr & Technol, Coll Basic Sci & Humanities, Dept Environm Sci, Pantnagar 263145, Uttarakhand, India","1","A1692"
"HNB Garhwal Univ, Dept Bot, Srinagar 246174, Uttarakhand, India","1","A1692"
"Int Ctr Integrated Mt Dev, Kathmandu, Nepal","1","A1692"
"Laurentian Univ, Sudbury, ON, Canada","2","A0301"
"Amer Museum Nat Hist, Dept Entomol, New York, NY 10024 USA","1","A1692"
"Seoul Natl Univ, Sch Agr Biotechnol, Dept Entomol, Seoul 151742, South Korea","1","A1692"
"Agr & Agri Food Canada, Environm Hlth, Cent Expt Farm, Ottawa, ON K1A 0C6, Canada","1","A1692"
"Kyushu Univ, Dept Biol, Grad Sch Sci, Higashi Ku, Fukuoka 8128581, Japan","3","A1032"
"Fukuoka Womens Univ, Dept Environm Sci, Higasi Ku, Fukuoka 8138529, Japan","4","A1032"
"Royal Forest Dept, Forest Res Off, Silvicultural Res Div, DNA & Isoenzyme Lab,Biotechnol Sect, Bangkok 10900, Thailand","1","A1032"
"Univ Putra Malaysia, Fac Forestry, Serdang 43400, Selangor, Malaysia","1","A1032"
"Univ Kebangsaan Malaysia, Inst Environm & Dev, Bangi 43600, Malaysia","1","A1032"
"French Inst Pondichery, Pondicherry 605001, India","1","A1032"
"King Saud Univ, Dept Bot & Microbiol, Coll Sci, Riyadh 11451, Saudi Arabia","3","A1692"
"Korea Res Inst Biosci & Biotechnol, Int Biol Mat Res Ctr, Taejon 305806, South Korea","3","A1692"
"King Saud Univ, Addiriyah Chair Environm Studies, Coll Sci, Riyadh 11451, Saudi Arabia","1","A1692"
"Berkeley Seismol Lab, Berkeley, CA 94720 USA","2","A2450"
"Nanyang Technol Univ, Earth Observ Singapore, Singapore, Singapore","3","A2450"
"Nanyang Technol Univ, Asian Sch Environm, Singapore, Singapore","1","A2450"
"Geol Survey Bangladesh, Dhaka, Bangladesh","2","A2450"
"Dept Meteorol & Hydrol, Yangon, Myanmar","2","A2450"
"Myanmar Earthquake Comm, Yangon, Myanmar","1","A2450"
"Hinthada Univ, Dept Geol, Hinthada, Myanmar","1","A2450"
"Univ Calif Berkeley, UC Berkeley Earth & Planetary Sci Dept, Berkeley, CA 94720 USA","1","A2450"
"US Geol Survey, Earthquake Sci Ctr, Moffett Field, CA 94035 USA","1","A2450"
NA,"5","A3152"
"ICMR Natl Inst Virol, Sus Rd, Pune 410021, Maharashtra, India","5","A1101"
"Ctr Invest Cient Yucatan AC, Unidad Recursos Nat, Calle 43 130, Merida 97200, Yucatan, Mexico","2","A0490"
"USDA ARS, Natl Peanut Res Lab, 1011 Forrester Dr SE, Dawson, GA 39842 USA","1","A0490"
"CONACYT Inst Tecnol Conkal, Av Tecnol S-N, Conkal 97345, Yucatan, Mexico","1","A0490"
"USDA ARS, Plant Germplasm Intro & Testing Res Unit, 24106 N Bunn Rd, Prosser, WA 99350 USA","1","A0490"
"USDA ARS, Genom & Bioinformat Res Unit, 141 Expt Stn Rd, Stoneville, MS 38776 USA","1","A0490"
"Univ Kerala, Dept Environm Sci, Thiruvananthapuram 695581, Kerala, India","2","A2665"
"Ctr Environm & Dev, Thiruvananthapuram 695013, Kerala, India","1","A2665"
NA,"1","A2910"
NA,"1","A3196"
NA,NA,"C0117"
NA,NA,"C0228"
NA,NA,"C0284"
NA,NA,"C0259"
NA,NA,"C0014"
"Univ North Bengal, Dept Tea Sci, Darjeeling 734013, W Bengal, India","1","A1722"
"Off Chief Conservator Forest MIS & E Governance, Darjeeling, W Bengal, India","1","A1722"
"Darjeeling Govt Coll, PG Dept Bot, Darjeeling 734101, W Bengal, India","1","A1722"
"Rajiv Gandhi Univ, Dept Bot, Doimukh 791112, Arunachal Prade, India","1","A1722"
"Cent Res Inst Dryland Agr, Hyderabad, Andhra Pradesh, India","7","A2697"
"ISRO, Forestry & Ecol Dept, Indian Inst Remote Sensing, Dehra Dun 248001, Uttar Pradesh, India","2","A1642"
"Indira Gandhi Natl Tribal Univ, Dept Environm Sci, Amarkantak, MP, India","1","A2104"
"St Gahira Guru Vishwavidyalaya, Dept Farm Forestry, Ambikapur 497001, Chhattisgarh, India","1","A2665"
"Indira Gandhi Krishi Vishwavidyalaya, Dept Forestry, Raipur 492012, Chhattisgarh, India","1","A2665"
"Tech Univ Carolo Wilhelmina Braunschweig, Div Evolutionary Biol, Inst Zool, D-38106 Braunschweig, Germany","3","A1341"
"Univ Milan, Sez Zool & Citol, Dipartimento Biol, I-20133 Milan, Italy","1","A1341"
"Wageningen Univ, Anim Breeding & Genom Ctr, NL-6700 AH Wageningen, Netherlands","1","A1341"
"Univ Sci & Technol Lille, Univ Lille Nord France, Lab Genet & Evolut Populat Vegetales, F-59650 Villeneuve Dascq, France","1","A1341"
"CNRS, Unite Mixte Rech UMR 8198, F-59650 Villeneuve Dascq, France","1","A1341"
"Royal Belgian Inst Nat Sci, Vertebrate Dept, B-1000 Brussels, Belgium","1","A1341"
"CSIC, Museo Nacl Ciencias Nat, E-28006 Madrid, Spain","1","A1341"
"Pondicherry Univ, Dept Ecol & Environm Sci, Pondicherry 605014, India","2","A2665"
"Chinese Acad Sci, Xishuangbanna Trop Bot Garden, Yunnan 666303, Peoples R China","1","A2665"
"Univ Georgia, Warnell Sch Forestry & Nat Resources, Athens, GA 30602 USA","3","A1722"
"Conservat Int, 2011 Crystal Dr,Suite 600, Arlington, VA 22202 USA","1","A1722"
"Trinity Univ, San Antonio, TX 78212 USA","1","A1722"
"Jagriti, Kulu 175101, Himachal Prades, India","1","A1722"
"Karolinska Inst, Dept Publ Hlth Sci, Global Hlth IHCAR, SE-17177 Stockholm, Sweden","4","A1722"
"RD Gardi Med Coll, Dept Environm Med, Indian Initiat Management Antibiot Resistance, Ujjain 456006, Madhya Pradesh, India","2","A1722"
"NG Acharya & DK Marathe Coll, Bombay 400071, Maharashtra, India","1","A1722"
"Nord Sch Publ Hlth, Gothenburg, Sweden","1","A1722"
NA,NA,"C0037"
"Tata Inst Fundamental Res, Wildlife Conservat Soc India Program, Natl Ctr Biol Sci, Postgrad Programme Wildlife Biol & Conservat, GKVK Campus, Bangalore 560065, Karnataka, India","2","A1722"
"Nat Conservat Fdn, Cranes & Wetlands Programme, 3076-5 4th Cross,Gokulam Pk, Mysore 570002, Karnataka, India","2","A1722"
"Ctr Wildlife Studies, 1669 31st Cross,16th Main,Banashankari 2nd Stage, Bangalore 560070, Karnataka, India","1","A1722"
"Int Crane Fdn, Program SarusScape, E 11736 Shady Lane Rd, Baraboo, WI 53913 USA","1","A1722"
NA,"3","A2929"
"Gurukul Kangri Univ, Haridwar 249401, India","2","A2665"
"HNB Garhwal Univ, Srinagar 246174, Uttarakhand, India","1","A2665"
NA,NA,"C0006"
NA,"1","A2934"
NA,"2","A2847"
"Kerala Univ Fisheries & Ocean Studies KUFOS, Sch Ocean Sci & Technol, Kochi, India","2","A1032"
"Kerala Univ Fisheries & Ocean Studies KUFOS, Dept Fisheries Resource Management, Kochi, India","1","A1032"
"Kerala Univ Fisheries & Ocean Studies KUFOS, Ctr Aquat Resource Management & Conservat CARMAC, Kochi, India","1","A1032"
"Nirmalagiri Coll, Dept Zool, Kannur, India","1","A1032"
"Indian Inst Sci Educ & Res IISER, Pune, Maharashtra, India","1","A1032"
"Zoo Outreach Org ZOO, Coimbatore, Tamil Nadu, India","1","A1032"
NA,NA,"C0086"
NA,"1","A2749"
NA,"3","A2850"
NA,"1","A3088"
"Indian Inst Hort Res, ICAR, Bengaluru 560089, India","4","A1722"
"Univ Agr Sci, Coll Forestry Sirsi, Dept Forest Biol & Tree Improvement, Dharwad 581401, Karnataka, India","1","A1722"
"Biodivers Int, 93-4 Dharhara Marg,Ward 11, Fulbari, Pokhara, Nepal","1","A1722"
"Univ Hort Sci, GKVK, Biovers Int, Bangalore 560065, Karnataka, India","1","A1722"
"Graph Era Hill Univ, Sch Agr Sci, Dehra Dun 248002, Uttarakhand, India","2","A0697"
"Politecn Milan, Dipartimento Informat Elettron & Bioingn, Milan, Italy","1","A1692"
"Univ Calif Berkeley, Ctr Built Environm, Berkeley, CA 94720 USA","1","A1692"
"CEPT Univ, Ctr Adv Res Bldg Sci & Energy, Ahmadabad 380009, Gujarat, India","1","A1692"
"Natl Ctr Biol Sci, Tata Inst Fundamental Res, Bangalore 560065, Karnataka, India","3","A1692"
"Nat Conservat Fdn, Mysore 570002, Karnataka, India","1","A1692"
"Univ Leeds, Sch Biol, Leeds LS2 9JT, W Yorkshire, England","1","A1692"
"ICAR Indian Inst Soil Sci, Bhopal 462038, India","4","A1341"
"ICAR Natl Agr Sci Fund, New Delhi 110012, India","1","A1341"
"ICAR Cent Sheep & Wool Res Inst, Avikanagar 304501, India","2","A1341"
"ICAR Indian Inst Soil & Water Conservat, Reg Stn Ctr, Kota 324002, India","1","A1341"
"Agr Univ, Kota Agr Res Stn, Kota 324001, India","1","A1341"
"ICAR Cent Agroforestty Res Inst, Jhansi 284003, Uttar Pradesh, India","1","A1341"
"ICAR Natl Res Ctr Camel, Bikaner 334001, Rajasthan, India","1","A1341"
"BGI Shenzhen, Shenzhen 518083, Peoples R China","1","A2665"
"Annamalai Univ, Fac Marine Sci, Ctr Adv Study Marine Biol, Parangipettai 608502, Tamil Nadu, India","2","A2665"
"Natl Inst Epidemiol, Dept Epidemiol, Madras, Tamil Nadu, India","3","A1722"
"Jawaharlal Inst Postgrad Med Educ & Res, Sch Publ Hlth, Pondicherry, India","3","A1722"
"Campbell Collaborat, New Delhi, India","1","A1722"
"Indian Council Med Res, Div Epidemiol & Communicable Dis, New Delhi, India","1","A1722"
"Space Applicat Ctr ISRO, Agr Forestry & Environm Grp, Ahmadabad 380015, Gujarat, India","3","A2665"
"Space Applicat Ctr ISRO, Remote Sensing Applicat Area RESA, Ahmadabad 380015, Gujarat, India","1","A2665"
"CAR Cent Soil Salin Res Inst, Reg Res Stn, Lucknow 226002, Uttar Pradesh, India","4","A1692"
"Agr Scientist Recruitment Board, New Delhi 112001, India","1","A1692"
"CSIR Natl Bot Res Inst, Lucknow 226001, Uttar Pradesh, India","1","A1692"
NA,NA,"C0058"
NA,"1","A2863"
NA,NA,"B0016"
"Punjab Agr Univ, Dept Soil Sci, Ludhiana 141004, Punjab, India","5","A2369"
"Univ Stellenbosch, Dept Conservat Ecol & Entomol, Ctr Invas Biol, ZA-7602 Matieland, South Africa","1","A2665"
"Banaras Hindu Univ, Dept Bot, Varanasi 221005, Uttar Pradesh, India","2","A2665"
"Deemed Univ, NERIST, Dept Forestry, Nirjuli 791109, Arunachal Prade, India","2","A2665"
"Dr Harisingh Gour Cent Univ, Dept Bot, Sagar 470003, Madhya Pradesh, India","1","A2665"
NA,NA,"B0023"
"Univ Coll Dublin, Sch Biol & Environm Sci, Dublin 4, Ireland","2","A1692"
"Univ Delhi, Dept Environm Studies, Systemat Lab, Delhi, India","3","A1692"
"Nat Hist Museum, Dept Life Sci, London SW7 5BD, England","2","A1692"
"WWF India, New Delhi 110003, India","1","A2665"
"Wildlife Inst India, Dehra Dun 248001, Uttar Pradesh, India","1","A2665"
"ISRO, Indian Inst Remote Sensing, 4 Kalidas Rd, Dehra Dun 248001, India","2","A2665"
"ISRO, Indian Inst Space Sci & Technol, Thiruvananthapuram, Kerala, India","1","A2665"
NA,NA,"C0132"
NA,"3","A3044"
NA,NA,"C0010"
"Bhabha Atom Res Ctr, Astrophys Sci Div, Nucl Res Lab, Srinagar, Jammu & Kashmir, India","4","A2665"
"52 Hamzah Colony Bemina, Srinagar, Jammu & Kashmir, India","1","A2665"
