cor.locs,Latitude,Longitude,cor.locs2
"Chinese Acad Sci, XTBG, Key Lab Trop Forest Ecol, Menglun Town 666303, Yunnan, Peoples R China.",21.935158,101.248868,"Chinese Acad Sci, XTBG, Key Lab Trop Forest Ecol, Menglun Town 666303, Yunnan, Peoples R China"
"Shanghai Jiao Tong Univ, Sch Int & Publ Affairs, Shanghai 200030, Peoples R China.",31.197783,121.436073,"Shanghai Jiao Tong Univ, Sch Int & Publ Affairs, Shanghai 200030, Peoples R China"
NA,,,NA
"Mizoram Univ, Dept Forestry, Aizawl 796004, India.",23.7364942,92.6642456,"Mizoram Univ, Dept Forestry, Aizawl 796004, India"
NA,,,NA
"Tokyo Univ Marine Sci & Technol, Grad Sch Marine Sci & Technol, Minato Ku, Tokyo 1088477, Japan.",35.6268836,139.7486366,"Tokyo Univ Marine Sci & Technol, Grad Sch Marine Sci & Technol, Minato Ku, Tokyo 1088477, Japan"
"WWF INDIA,IGCMC,172-B,LODI ESTATE,NEW DELHI 110003,INDIA.",28.590965,77.223072,"WWF INDIA,IGCMC,172-B,LODI ESTATE,NEW DELHI 110003,INDIA"
NA,,,NA
"Kerala Agr Univ, Coll Forestry, Dept Silviculture & Agroforestry, KAU PO, Trichur 680656, Kerala, India.",10.5448532,76.2863548,"Kerala Agr Univ, Coll Forestry, Dept Silviculture & Agroforestry, KAU PO, Trichur 680656, Kerala, India"
"Dalhousie Univ, Dept Phys & Atmospher Sci, Halifax, NS, Canada.",44.6365812,-63.5916555,"Dalhousie Univ, Dept Phys & Atmospher Sci, Halifax, NS, Canada"
"Guru Nanak Dev Univ, Guru Ramdas Sch Planning, Amritsar 143005, Punjab, India.",31.637656,74.8258562,"Guru Nanak Dev Univ, Guru Ramdas Sch Planning, Amritsar 143005, Punjab, India"
NA,,,NA
NA,,,NA
NA,,,NA
NA,,,NA
NA,,,NA
NA,,,NA
NA,,,NA
NA,,,NA
"IIT Kharagpur, CORAL, Kharagpur, India.",22.3149274,87.3105311,"IIT Kharagpur, CORAL, Kharagpur, India"
"PURDUE UNIV, DEPT FORESTRY & NAT RESOURCES, 1159 FORESTRY BLDG, W LAFAYETTE, IN 47907 USA.",40.4228054,-86.9140972,"PURDUE UNIV, DEPT FORESTRY & NAT RESOURCES, 1159 FORESTRY BLDG, W LAFAYETTE, IN 47907 USA"
"Birbal Sahni Inst Paleobot, Quaternary Palynol Dept, 53 Univ Rd, Lucknow 226007, Uttar Pradesh, India.",26.8671761,80.9392066,"Birbal Sahni Inst Paleobot, Quaternary Palynol Dept, 53 Univ Rd, Lucknow 226007, Uttar Pradesh, India"
"Natl Res Ctr Agroforestry, Near Pahuj Dam,Gwalior Rd, Jhansi 284003, Uttar Pradesh, India.",25.5101353,78.5410563,"Natl Res Ctr Agroforestry, Near Pahuj Dam,Gwalior Rd, Jhansi 284003, Uttar Pradesh, India"
"Univ Kerala, Accredited Ctr Res, Jawaharlal Nehru Trop Bot Garden & Res Inst JNTBG, Biotechnol & Bioinformat Div, Thiruvananthapuram 695562, Kerala, India.",8.550953,76.9108019,"Univ Kerala, Accredited Ctr Res, Jawaharlal Nehru Trop Bot Garden & Res Inst JNTBG, Biotechnol & Bioinformat Div, Thiruvananthapuram 695562, Kerala, India"
"CSIR Natl Bot Res Inst NBRI, Bot Garden Div, Rana Pratap Marg, Lucknow 226001, Uttar Pradesh, India.",26.8562908,80.9498597,"CSIR Natl Bot Res Inst NBRI, Bot Garden Div, Rana Pratap Marg, Lucknow 226001, Uttar Pradesh, India"
NA,,,NA
"Indian Inst Technol, Indian Sch Mines, Dept Appl Geol, Coal Geol & Organ Petrol Lab, Dhanbad 826004, Jharkhand, India.",23.8144432,86.4412022,"Indian Inst Technol, Indian Sch Mines, Dept Appl Geol, Coal Geol & Organ Petrol Lab, Dhanbad 826004, Jharkhand, India"
"Sheikh ul Aalam Mem SAM Govt Degree Coll, Dept Bot, Budgam Kashmir 191111, J&K, India.",34.027349,74.7173058,"Sheikh ul Aalam Mem SAM Govt Degree Coll, Dept Bot, Budgam Kashmir 191111, J&K, India"
"DDU Gorakhpur Univ, Dept Bot, Plant Ecol Lab, Gorakhpur 273009, Uttar Pradesh, India.",26.7498118,83.3775148,"DDU Gorakhpur Univ, Dept Bot, Plant Ecol Lab, Gorakhpur 273009, Uttar Pradesh, India"
"NIMR, Sector 8, New Delhi 110077, India.",28.5774264,77.0761819,"NIMR, Sector 8, New Delhi 110077, India"
NA,,,NA
"Univ Fed Parana, Dept Bot, Caixa Postal 19031, BR-81531980 Curitiba, PR, Brazil.",-25.4372382,-49.2699727,"Univ Fed Parana, Dept Bot, Caixa Postal 19031, BR-81531980 Curitiba, PR, Brazil"
"Natl Bur Plant Genet Resources, Pusa Campus, New Delhi 110012, India.",28.6331469,77.1524959,"Natl Bur Plant Genet Resources, Pusa Campus, New Delhi 110012, India"
"Cent Food Technol Res Inst, Fermentat Technol & Bio Engn Dept, Mysore 500020, Karnataka, India.",12.2958104,76.6393805,"Cent Food Technol Res Inst, Fermentat Technol & Bio Engn Dept, Mysore 500020, Karnataka, India"
NA,,,NA
NA,,,NA
NA,,,NA
"Manonmaniam Sundaranar Univ, Sri Paramakalyani Ctr Environm Sci, Environm Nanotechnol Div, Alwarkurichi 627412, Tamil Nadu, India.",8.7833896,77.3897471,"Manonmaniam Sundaranar Univ, Sri Paramakalyani Ctr Environm Sci, Environm Nanotechnol Div, Alwarkurichi 627412, Tamil Nadu, India"
"Natl Tiger Conservat Author, New Delhi 110011, India.",28.604077,77.2116108,"Natl Tiger Conservat Author, New Delhi 110011, India"
NA,,,NA
"Univ Sao Paulo, Lorena Sch Engn EEL, BR-05508050 Lorena, SP, Brazil.",-23.5609494,-46.7213146,"Univ Sao Paulo, Lorena Sch Engn EEL, BR-05508050 Lorena, SP, Brazil"
"Kumaun Univ, Dept Bot, DSB Campus, Naini Tal 263002, India.",29.3911653,79.4459095,"Kumaun Univ, Dept Bot, DSB Campus, Naini Tal 263002, India"
"Natl Bot Res Inst, Lucknow 226001, Uttar Pradesh, India.",26.8537051,80.9484195,"Natl Bot Res Inst, Lucknow 226001, Uttar Pradesh, India"
"Dr Harisingh Gour Vishwavidyalaya Cent Univ, Dept Bot, Ecol Lab, Sagar 470003, Madhya Pradesh, India.",23.8265828,78.7751302,"Dr Harisingh Gour Vishwavidyalaya Cent Univ, Dept Bot, Ecol Lab, Sagar 470003, Madhya Pradesh, India"
"CNRS MAEE, French Inst Pondicherry, UMIFRE 21, USR 3330, 11 St Louis St, Pondicherry 605001, India.",11.9369401,79.8356517,"CNRS MAEE, French Inst Pondicherry, UMIFRE 21, USR 3330, 11 St Louis St, Pondicherry 605001, India"
"Tezpur Univ, Dept Environm Sci, Tezpur 784028, Assam, India.",26.7002961,92.8307601,"Tezpur Univ, Dept Environm Sci, Tezpur 784028, Assam, India"
"Wildlife Inst India, Post Box 18, Dehra Dun 248001, Uttarakhand, India.",30.3077578,78.0490798,"Wildlife Inst India, Post Box 18, Dehra Dun 248001, Uttarakhand, India"
"Sethupathy Govt Arts Coll, Dept Zool, Ramanathapuram 623502, Tamil Nadu, India.",9.3696451,78.7949004,"Sethupathy Govt Arts Coll, Dept Zool, Ramanathapuram 623502, Tamil Nadu, India"
NA,,,NA
"Madurai Kamaraj Univ, Sch Energy Environm & Nat Resources, Madurai 625021, Tamil Nadu, India.",9.9403922,78.0105374,"Madurai Kamaraj Univ, Sch Energy Environm & Nat Resources, Madurai 625021, Tamil Nadu, India"
"SASTRA Deemed Univ, Ctr Adv Res Environm, Sch Civil Engn, Thanjavur 613401, India.",10.7346273,79.0249516,"SASTRA Deemed Univ, Ctr Adv Res Environm, Sch Civil Engn, Thanjavur 613401, India"
NA,,,NA
NA,,,NA
NA,,,NA
NA,,,NA
NA,,,NA
NA,,,NA
NA,,,NA
NA,,,NA
NA,,,NA
NA,,,NA
NA,,,NA
NA,,,NA
"Mizoram Univ, Dept Biotechnol, Mol Microbiol & Systemat Lab, Mizoram, India.",23.164543,92.9375739,"Mizoram Univ, Dept Biotechnol, Mol Microbiol & Systemat Lab, Mizoram, India"
"Nature Conservancy, 1815 N Lynn St, Arlington, VA 22203 USA.",38.8967169,-77.0705062,"Nature Conservancy, 1815 N Lynn St, Arlington, VA 22203 USA"
NA,,,NA
NA,,,NA
NA,,,NA
NA,,,NA
NA,,,NA
NA,,,NA
"ICMR, Vector Control Res Ctr, Pondicherry 605006, India.",11.9513059,79.7936217,"ICMR, Vector Control Res Ctr, Pondicherry 605006, India"
"Nat Hist Museum, Cromwell Rd, London SW7 5BD, England.",51.4955306,-0.1768635,"Nat Hist Museum, Cromwell Rd, London SW7 5BD, England"
NA,,,NA
"Natl Inst Technol Karnataka Surathkal, Sch Management, Mangalore 575025, Karnataka, India.",13.0270159,74.7892951,"Natl Inst Technol Karnataka Surathkal, Sch Management, Mangalore 575025, Karnataka, India"
"Sardar Swaran Singh Natl Inst Renewable Energy, 12KM Stone,Jalandhar Kapurthala Rd, Kapurthala 144601, Punjab, India.",31.3697019,75.4080482,"Sardar Swaran Singh Natl Inst Renewable Energy, 12KM Stone,Jalandhar Kapurthala Rd, Kapurthala 144601, Punjab, India"
"Mizoram Univ, Pachhunga Univ Coll, Dept Zool, Aizawl 796001, Mizoram, India.",23.7232572,92.7272181,"Mizoram Univ, Pachhunga Univ Coll, Dept Zool, Aizawl 796001, Mizoram, India"
"Indian Stat Inst, 203 Barrackpore Trunk Rd, Kolkata 700108, W Bengal, India.",22.6491893,88.3763794,"Indian Stat Inst, 203 Barrackpore Trunk Rd, Kolkata 700108, W Bengal, India"
NA,,,NA
NA,,,NA
NA,,,NA
NA,,,NA
NA,,,NA
NA,,,NA
NA,,,NA
"Haryana Agr Univ, Dept Forest, Hisar 125004, Haryana, India.",29.1503508,75.7057018,"Haryana Agr Univ, Dept Forest, Hisar 125004, Haryana, India"
NA,,,NA
NA,,,NA
"Chinese Acad Sci, Ctr Integrat Conservat, Xishuangbanna Trop Bot Garden, Mengla 666303, Yunnan, Peoples R China.",21.9353099,101.24881,"Chinese Acad Sci, Ctr Integrat Conservat, Xishuangbanna Trop Bot Garden, Mengla 666303, Yunnan, Peoples R China"
"Keystone Fdn, The Nilgiris 643217, Tamil Nadu, India.",11.430735,76.859174,"Keystone Fdn, The Nilgiris 643217, Tamil Nadu, India"
NA,,,NA
NA,,,NA
NA,,,NA
NA,,,NA
NA,,,NA
"Cochin Univ Sci & Technol, Sch Marine Sci, Dept Marine Biol Microbiol & Biochem, Cochin 682016, Kerala, India.",9.966688,76.2870113,"Cochin Univ Sci & Technol, Sch Marine Sci, Dept Marine Biol Microbiol & Biochem, Cochin 682016, Kerala, India"
NA,,,NA
"Univ Sindh, Inst Biotechnol & Genet Engn, Jamshoro 76080, Pakistan.",25.4303884,68.2808626,"Univ Sindh, Inst Biotechnol & Genet Engn, Jamshoro 76080, Pakistan"
NA,,,NA
"Michigan State Univ, Dept Plant Biol, E Lansing, MI 48824 USA.",42.7228144,-84.474989,"Michigan State Univ, Dept Plant Biol, E Lansing, MI 48824 USA"
NA,,,NA
"Birbal Sahni Inst Palaeosci, Quaternary Div, 53 Univ Rd, Lucknow, Uttar Pradesh, India.",26.8671761,80.9392066,"Birbal Sahni Inst Palaeosci, Quaternary Div, 53 Univ Rd, Lucknow, Uttar Pradesh, India"
"Ctr Cellular & Mol Biol, Uppal Rd, Hyderabad 500007, Andhra Pradesh, India.",15.9128998,79.7399875,"Ctr Cellular & Mol Biol, Uppal Rd, Hyderabad 500007, Andhra Pradesh, India"
NA,,,NA
"North Eastern Hill Univ, Dept Basic Sci & Social Sci, Shillong 793022, Meghalaya, India.",25.6091604,91.8971103,"North Eastern Hill Univ, Dept Basic Sci & Social Sci, Shillong 793022, Meghalaya, India"
NA,,,NA
NA,,,NA
NA,,,NA
NA,,,NA
NA,,,NA
NA,,,NA
NA,,,NA
"Govt Arts Coll, Chennai, Tamil Nadu, India.",13.0300493,80.2421383,"Govt Arts Coll, Chennai, Tamil Nadu, India"
"Salim Ali Ctr Ornithol & Nat Hist, Coimbatore, Tamil Nadu, India.",11.0927309,76.7869297,"Salim Ali Ctr Ornithol & Nat Hist, Coimbatore, Tamil Nadu, India"
"Indian Grassland & Fodder Res Inst, Jhansi 284003, Uttar Pradesh, India.",25.5113086,78.5337261,"Indian Grassland & Fodder Res Inst, Jhansi 284003, Uttar Pradesh, India"
"Birbal Sahni Inst Paleobot, Quaternary Palynol Lab, 53 Univ Rd, Lucknow 226007, Uttar Pradesh, India.",26.8671761,80.9392066,"Birbal Sahni Inst Paleobot, Quaternary Palynol Lab, 53 Univ Rd, Lucknow 226007, Uttar Pradesh, India"
"World Agroforestry Ctr ICRAF, East & Cent Asia Reg, Ctr Mt Ecosyst Studies, Kunming 650201, Peoples R China.",24.89985,102.95301,"World Agroforestry Ctr ICRAF, East & Cent Asia Reg, Ctr Mt Ecosyst Studies, Kunming 650201, Peoples R China"
"Indian Inst Remote Sensing, Natl Remote Sensing Agcy, 4 Kalidas Rd,PB 135, Dehra Dun 248001, Uttar Pradesh, India.",27.5705886,80.0981869,"Indian Inst Remote Sensing, Natl Remote Sensing Agcy, 4 Kalidas Rd,PB 135, Dehra Dun 248001, Uttar Pradesh, India"
"Free Univ Brussels, Mangrove Management Grp, Lab Analyt & Environm Chem, Pleinlaan 2, B-1050 Brussels, Belgium.",50.8216447,4.3949306,"Free Univ Brussels, Mangrove Management Grp, Lab Analyt & Environm Chem, Pleinlaan 2, B-1050 Brussels, Belgium"
NA,,,NA
NA,,,NA
NA,,,NA
NA,,,NA
NA,,,NA
"Potsdam Inst Climate Impact Res, D-14412 Potsdam, Germany.",52.3905689,13.0644729,"Potsdam Inst Climate Impact Res, D-14412 Potsdam, Germany"
"Univ Malakand, Dept Bot, Lab Plant Ecol, Chakdara 28800, Pakistan.",34.6665626,72.0290387,"Univ Malakand, Dept Bot, Lab Plant Ecol, Chakdara 28800, Pakistan"
"London Sch Econ & Polit Sci LSE, London, England.",51.5144388,-0.1164513,"London Sch Econ & Polit Sci LSE, London, England"
"Woldia Univ, Fac Hlth Sci, Dept Med Lab Sci, Woldia, Ethiopia.",11.8299019,39.6001842,"Woldia Univ, Fac Hlth Sci, Dept Med Lab Sci, Woldia, Ethiopia"
"Univ Costa Rica, Lab Biol Mol, Estn Expt Fabio Baudrit Moreno, Alajuela, Costa Rica.",10.0072853,-84.2659307,"Univ Costa Rica, Lab Biol Mol, Estn Expt Fabio Baudrit Moreno, Alajuela, Costa Rica"
"Univ Mysore, Institut Excellence, Biopsychol Lab, Mysuru, India.",12.3558876,76.6354054,"Univ Mysore, Institut Excellence, Biopsychol Lab, Mysuru, India"
NA,,,NA
NA,,,NA
NA,,,NA
NA,,,NA
NA,,,NA
"Univ New South Wales, Sch Optometry & Vis Sci, Sydney, NSW, Australia.",-33.8688197,151.2092955,"Univ New South Wales, Sch Optometry & Vis Sci, Sydney, NSW, Australia"
"GB PLANT INST HIMALAYAN ENVIRONM & DEV,SIKKIM UNIT,SIKKIM 737102,INDIA.",27.301881,88.6096575,"GB PLANT INST HIMALAYAN ENVIRONM & DEV,SIKKIM UNIT,SIKKIM 737102,INDIA"
"NE HILL UNIV, SCH LIFE SCI, DEPT BOT, SHILLONG 793022, MEGHALAYA, INDIA.",25.6116774,91.8992403,"NE HILL UNIV, SCH LIFE SCI, DEPT BOT, SHILLONG 793022, MEGHALAYA, INDIA"
"WILDLIFE INST INDIA,POB 18,DEHRA DUN 248001,INDIA.",30.2834983,77.9735518,"WILDLIFE INST INDIA,POB 18,DEHRA DUN 248001,INDIA"
NA,,,NA
NA,,,NA
NA,,,NA
NA,,,NA
"Manipal Univ, Manipal Inst Technol, Dept Civil Engn, Manipal 576104, Karnataka, India.",13.3525321,74.7928224,"Manipal Univ, Manipal Inst Technol, Dept Civil Engn, Manipal 576104, Karnataka, India"
NA,,,NA
"Indian Inst Sci, Ctr Ecol Sci, Energy Res Grp, CES RNO 215, Bangalore 560012, Karnataka, India.",13.023622,77.5638047,"Indian Inst Sci, Ctr Ecol Sci, Energy Res Grp, CES RNO 215, Bangalore 560012, Karnataka, India"
"Univ Colombo, Fac Sci, Dept Zool, 94 Cumaratunga Munidasa Mawatha, Colombo 03, Sri Lanka.",6.9000149,79.8587938,"Univ Colombo, Fac Sci, Dept Zool, 94 Cumaratunga Munidasa Mawatha, Colombo 03, Sri Lanka"
"Birbal Sahni Inst Paleobot, 53 Univ Rd, Lucknow 226007, Uttar Pradesh, India.",26.8671761,80.9392066,"Birbal Sahni Inst Paleobot, 53 Univ Rd, Lucknow 226007, Uttar Pradesh, India"
"Argonne Natl Lab, Decis & Informat Sci Div, 9700 S Cass Ave, Argonne, IL 60439 USA.",41.7182827,-87.9788697,"Argonne Natl Lab, Decis & Informat Sci Div, 9700 S Cass Ave, Argonne, IL 60439 USA"
"Guru Angad Dev Vet & Anim Sci Univ, Sch Publ Hlth & Zoonoses, Ludhiana, Punjab, India.",30.8915684,75.8001012,"Guru Angad Dev Vet & Anim Sci Univ, Sch Publ Hlth & Zoonoses, Ludhiana, Punjab, India"
"Natl Bur Plant Genet Resources, Tissue Culture & Cryopreservat Unit, Pusa Campus, New Delhi 110012, India.",28.6331469,77.1524959,"Natl Bur Plant Genet Resources, Tissue Culture & Cryopreservat Unit, Pusa Campus, New Delhi 110012, India"
"Dr Harisingh Gour Vishwavidyalaya Cent Univ, Dept Bot, Sagar 470003, Madhya Pradesh, India.",23.8265828,78.7751302,"Dr Harisingh Gour Vishwavidyalaya Cent Univ, Dept Bot, Sagar 470003, Madhya Pradesh, India"
NA,,,NA
"Indian Inst Sci Educ & Res Bhopal, Dept Earth & Environm Sci, Bhopal Bypass Rd, Bhopal 462066, Madhya Pradesh, India.",23.2666891,77.4131785,"Indian Inst Sci Educ & Res Bhopal, Dept Earth & Environm Sci, Bhopal Bypass Rd, Bhopal 462066, Madhya Pradesh, India"
"Nat Conservat Fdn, 3076-5,4th Cross,Gokulam Pk, Mysore 570002, Karnataka, India.",12.3309526,76.6320163,"Nat Conservat Fdn, 3076-5,4th Cross,Gokulam Pk, Mysore 570002, Karnataka, India"
"Gujarat Univ, Dept Climate Change Impacts Management, Ahmadabad 380009, Gujarat, India.",23.0391981,72.543715,"Gujarat Univ, Dept Climate Change Impacts Management, Ahmadabad 380009, Gujarat, India"
NA,,,NA
NA,,,NA
NA,,,NA
NA,,,NA
NA,,,NA
NA,,,NA
NA,,,NA
NA,,,NA
NA,,,NA
"Natl Inst Adv Studies, Indian Inst Sci Campus, Bengaluru 560012, India.",13.029156,77.5642728,"Natl Inst Adv Studies, Indian Inst Sci Campus, Bengaluru 560012, India"
"Natl Ctr Biol Sci, Postgrad Program Wildlife Biol & Conservat, GKVK Campus,Bellary Rd, Bangalore 560065, Karnataka, India.",13.0773484,77.5778085,"Natl Ctr Biol Sci, Postgrad Program Wildlife Biol & Conservat, GKVK Campus,Bellary Rd, Bangalore 560065, Karnataka, India"
"Indian Inst Technol, Dept Civil Engn, Geomat Grp, Roorkee 247667, Uttar Pradesh, India.",27.5705886,80.0981869,"Indian Inst Technol, Dept Civil Engn, Geomat Grp, Roorkee 247667, Uttar Pradesh, India"
NA,,,NA
NA,,,NA
"Dr Yashwant Singh Parmar Univ Hort & Forestry, Microbiol Sect, Dept Basic Sci, Solan 173230, HP, India.",31.2194893,76.9815877,"Dr Yashwant Singh Parmar Univ Hort & Forestry, Microbiol Sect, Dept Basic Sci, Solan 173230, HP, India"
NA,,,NA
NA,,,NA
NA,,,NA
NA,,,NA
NA,,,NA
NA,,,NA
"Bangor Univ, Sch Environm Nat Resources & Geog SENRGY, Bangor LL57 2UW, Gwynedd, Wales.",53.2261504,-4.1316678,"Bangor Univ, Sch Environm Nat Resources & Geog SENRGY, Bangor LL57 2UW, Gwynedd, Wales"
"Tata Inst Fundamental Res, Natl Ctr Biol Sci, Bellary Rd, Bangalore 560065, Karnataka, India.",13.0938741,77.5763042,"Tata Inst Fundamental Res, Natl Ctr Biol Sci, Bellary Rd, Bangalore 560065, Karnataka, India"
"ICAR Indian Inst Soil & Water Conservat, Res Ctr, Sect 27A, Chandigarh 160019, India.",30.7303302,76.8000091,"ICAR Indian Inst Soil & Water Conservat, Res Ctr, Sect 27A, Chandigarh 160019, India"
"NE Hill Univ, Ctr Ecodev, Shillong 793014, Meghalaya, India.",25.6131418,91.8981471,"NE Hill Univ, Ctr Ecodev, Shillong 793014, Meghalaya, India"
"Kansas State Univ, Dept Plant Pathol, Throckmorton Hall, Manhattan, KS 66506 USA.",39.1934982,-96.5845173,"Kansas State Univ, Dept Plant Pathol, Throckmorton Hall, Manhattan, KS 66506 USA"
"Pondicherry Univ, Sch Life Sci, Dept Ecol & Environm Sci, Pondicherry 605014, India.",12.0620765,79.8240715,"Pondicherry Univ, Sch Life Sci, Dept Ecol & Environm Sci, Pondicherry 605014, India"
"Greeley Mem Lab, 370 Prospect St, New Haven, CT 06511 USA.",41.3219383,-72.9245009,"Greeley Mem Lab, 370 Prospect St, New Haven, CT 06511 USA"
"ZARS RVS Krishi Vishwa Vidyalaya, Morena, India.",26.4947172,77.9940222,"ZARS RVS Krishi Vishwa Vidyalaya, Morena, India"
"Indian Inst Technol Kharagpur, Agr & Food Engn Dept, Kharagpur 721302, W Bengal, India.",22.3174278,87.3138859,"Indian Inst Technol Kharagpur, Agr & Food Engn Dept, Kharagpur 721302, W Bengal, India"
"Goa Univ, Sch Earth Ocean & Atmospher Sci, Taleigao, Goa, India.",15.4584136,73.8345548,"Goa Univ, Sch Earth Ocean & Atmospher Sci, Taleigao, Goa, India"
"GB Pant Natl Inst Himalayan Environm & Sustainabl, Sikkim Unit, Gangtok 737101, Sikkim, India.",27.3371364,88.6096575,"GB Pant Natl Inst Himalayan Environm & Sustainabl, Sikkim Unit, Gangtok 737101, Sikkim, India"
"Indian Inst Soil Sci, Berasia Rd, Bhopal 462038, Madhya Pradesh, India.",23.3077978,77.4069479,"Indian Inst Soil Sci, Berasia Rd, Bhopal 462038, Madhya Pradesh, India"
NA,,,NA
NA,,,NA
NA,,,NA
NA,,,NA
NA,,,NA
"Punjab Agr Univ, Dept Forestry & Nat Resources, Ludhiana 141004, Punjab, India.",30.8999028,75.8107931,"Punjab Agr Univ, Dept Forestry & Nat Resources, Ludhiana 141004, Punjab, India"
"Forest Res Inst, Dehra Dun 248006, Uttarakhand, India.",30.3437685,77.9995589,"Forest Res Inst, Dehra Dun 248006, Uttarakhand, India"
"Bangalore Univ, Dept Studies Zool, Jnana Bharathi Campus, Bengaluru 560056, Karnataka, India.",12.9504095,77.5024372,"Bangalore Univ, Dept Studies Zool, Jnana Bharathi Campus, Bengaluru 560056, Karnataka, India"
"Amity Univ, Amity Inst Global Warming & Ecol Studies, Noida, India.",28.5442072,77.3318903,"Amity Univ, Amity Inst Global Warming & Ecol Studies, Noida, India"
NA,,,NA
NA,,,NA
NA,,,NA
NA,,,NA
NA,,,NA
NA,,,NA
NA,,,NA
"Jadavpur Univ, Sch Oceanog Studies, Kolkata 700032, India.",22.4993818,88.3712752,"Jadavpur Univ, Sch Oceanog Studies, Kolkata 700032, India"
"Shiv Nadar Univ, Sch Nat Sci, Environm Sci & Nat Resource Management, Dadri, Gautam Budh Nag, India.",28.5267298,77.575363,"Shiv Nadar Univ, Sch Nat Sci, Environm Sci & Nat Resource Management, Dadri, Gautam Budh Nag, India"
"Indian Sch Mines, Indian Inst Technol, Dept Environm Sci & Engn, Dhanbad, Bihar, India.",25.9644427,85.2722472,"Indian Sch Mines, Indian Inst Technol, Dept Environm Sci & Engn, Dhanbad, Bihar, India"
NA,,,NA
NA,,,NA
NA,,,NA
NA,,,NA
NA,,,NA
NA,,,NA
"Bharathiar Univ, Dept Bot, Coimbatore 641046, Tamil Nadu, India.",11.0390221,76.87642,"Bharathiar Univ, Dept Bot, Coimbatore 641046, Tamil Nadu, India"
"Govt India, Dept Space, NRSC ISRO, Reg Remote Sensing Ctr West, CAZRI Campus, Jodhpur 342003, Rajasthan, India.",26.2592753,72.9944875,"Govt India, Dept Space, NRSC ISRO, Reg Remote Sensing Ctr West, CAZRI Campus, Jodhpur 342003, Rajasthan, India"
NA,,,NA
"Indian Agr Res Inst, Div Environm Sci, New Delhi 110012, India.",28.6282145,77.1493904,"Indian Agr Res Inst, Div Environm Sci, New Delhi 110012, India"
"Natl Environm Engn Res Inst, Environm Biotechnol Div, Nehru Marg, Nagpur 440020, Maharashtra, India.",21.1308193,79.1182605,"Natl Environm Engn Res Inst, Environm Biotechnol Div, Nehru Marg, Nagpur 440020, Maharashtra, India"
"UP Pandit Deen Dayal Upadhyaya Pashu Chikitsa Vig, Dept Parasitol, Coll Vet Sci & Anim Husb, Mathura 281001, India.",27.480921,77.6879696,"UP Pandit Deen Dayal Upadhyaya Pashu Chikitsa Vig, Dept Parasitol, Coll Vet Sci & Anim Husb, Mathura 281001, India"
NA,,,NA
"Bharathidasan Univ, Sch Life Sci, Dept Bot, Tiruchirappalli 620024, Tamil Nadu, India.",10.6822075,78.7427168,"Bharathidasan Univ, Sch Life Sci, Dept Bot, Tiruchirappalli 620024, Tamil Nadu, India"
NA,,,NA
"Forest Res Inst, Bot Div, PO New Forest, Dehra Dun 248006, Uttar Pradesh, India.",30.3438262,77.9978107,"Forest Res Inst, Bot Div, PO New Forest, Dehra Dun 248006, Uttar Pradesh, India"
NA,,,NA
NA,,,NA
"Tripura Univ, Dept Geog & Disaster Management, Agartala 799130, Tripura West, India.",23.7618654,91.2639182,"Tripura Univ, Dept Geog & Disaster Management, Agartala 799130, Tripura West, India"
NA,,,NA
"ICAR Indian Inst Soil & Water Conservat, Dehra Dun, Uttarakhand, India.",30.3164945,78.0321918,"ICAR Indian Inst Soil & Water Conservat, Dehra Dun, Uttarakhand, India"
NA,,,NA
NA,,,NA
NA,,,NA
"Indian Inst Sci, Asian Nat Conservat Fdn, Innovation Ctr 1st Floor, Bangalore 560012, Karnataka, India.",13.0047991,77.5786663,"Indian Inst Sci, Asian Nat Conservat Fdn, Innovation Ctr 1st Floor, Bangalore 560012, Karnataka, India"
"Birbal Sahni Inst Palaeosci, 53 Univ Rd, Lucknow 226007, Uttar Pradesh, India.",26.8671761,80.9392066,"Birbal Sahni Inst Palaeosci, 53 Univ Rd, Lucknow 226007, Uttar Pradesh, India"
"Univ Lyon 1, CNRS, UMR 5558, Lab Biometrie & Biol Evolut, 43 Bd 11 Novembre 1918, F-69622 Villeurbanne, France.",45.7788727,4.8679611,"Univ Lyon 1, CNRS, UMR 5558, Lab Biometrie & Biol Evolut, 43 Bd 11 Novembre 1918, F-69622 Villeurbanne, France"