address,Latitude,Longitude,count,paperID
"Chinese Acad Sci, XTBG, Key Lab Trop Forest Ecol, Menglun Town 666303, Yunnan, Peoples R China",21.935158,101.248868,2,A3105
"Chinese Acad Sci, XTBG, Ctr Integrat Conservat, Menglun Town 666303, Yunnan, Peoples R China",21.935158,101.248868,1,A3105
"Guangxi Univ, Coll Forestry, Guangxi Key Lab Forest Ecol & Conservat, Daxuedonglu 100, Nanning 530004, Peoples R China",22.8167299,108.3669,1,A3105
"Pondicherry Univ, Dept Ecol & Environm Sci, Kalapet 605014, Puducherry, India",12.0182619,79.8568461,1,A3105
"Bharathiar Univ, Dept Bot, Root & Soil Biol Lab, Coimbatore 641046, Tamil Nadu, India",11.041465,76.8374995,1,A3105
"Shanghai Jiao Tong Univ, Sch Environm Sci & Engn, Shanghai 200240, Peoples R China",31.0252201,121.4337784,1,A0784
"Univ Lancaster, Pentland Ctr, Lancaster LA1 1YW, England",54.0103942,-2.7877294,2,A0784
"Univ Educ, Lahore, Pakistan",31.5203696,74.3587473,1,A0784
"Shanghai Jiao Tong Univ, Sch Int & Publ Affairs, Shanghai 200030, Peoples R China",31.197783,121.436073,1,A0784
"Shanghai Jiao Tong Univ, China Inst Urban Governance, 800 Dongchuan Rd, Shanghai 200240, Peoples R China",31.0252201,121.4337784,1,A0784
"Shanghai Inst Pollut Control & Ecol Secur, Shanghai 200092, Peoples R China",31.230416,121.473701,1,A0784
NA,,,3,A3105
NA,,,3,A3010
NA,,,1,A2658
NA,,,1,A2911
NA,,,1,A2903
"Mizoram Univ, Dept Forestry, Aizawl 796004, India",23.7364942,92.6642456,2,A1219
NA,,,NA,C0254
"Univ Yangon, Dept Zool, Kamayut Township 11041, Yangon, Myanmar",16.8331492,96.1361704,4,A1722
"Minist Agr Livestock & Irrigat, Dept Fisheries, Naypyitaw, Myanmar",19.7633057,96.0785104,3,A1722
"Tokyo Univ Marine Sci & Technol, Grad Sch Marine Sci & Technol, Minato Ku, Tokyo 1088477, Japan",35.6268836,139.7486366,5,A1722
"Khulna Univ, Fisheries & Marine Resources Technol Discipline, Khulna 9208, Bangladesh",22.845641,89.5403279,1,A1722
NA,,,1,A3216
NA,,,NA,C0065
"Kerala Agr Univ, Coll Forestry, KAU PO, Trichur 680656, Kerala, India",10.5507081,76.2739795,3,A1692
"Kerala Agr Univ, Coll Forestry, Dept Silviculture & Agroforestry, KAU PO, Trichur 680656, Kerala, India",10.5448532,76.2863548,1,A1692
"Arunachal Univ Studies, Namsai 792103, Arunachal Prad, India",27.6474202,95.8702558,1,A1692
"Dalhousie Univ, Dept Phys & Atmospher Sci, Halifax, NS, Canada",44.6365812,-63.5916555,5,A1692
"Harvard Smithsonian Ctr Astrophys, 60 Garden St, Cambridge, MA 02138 USA",42.3814329,-71.1280685,1,A1692
"NASA, Atmospher Chem & Dynam Lab, Goddard Space Flight Ctr, Greenbelt, MD USA",38.99495,-76.852344,1,A1692
"Guru Nanak Dev Univ, Guru Ramdas Sch Planning, Amritsar 143005, Punjab, India",31.637656,74.8258562,2,A1294
NA,,,NA,B0021
NA,,,1,A2803
NA,,,NA,B0010
NA,,,NA,C0040
NA,,,1,A3008
NA,,,NA,C0201
NA,,,NA,C0142
NA,,,NA,B0019
NA,,,NA,C0177
NA,,,2,A2960
NA,,,1,A2862
NA,,,1,A2598
NA,,,2,A3048
NA,,,NA,C0083
"IIT Kharagpur, CORAL, Kharagpur, India",22.3149274,87.3105311,2,A2665
"Univ Southampton, Southampton, England",50.9105468,-1.4049018,1,A2665
NA,,,1,A3240
"Birbal Sahni Inst Paleobot, Quaternary Palynol Dept, 53 Univ Rd, Lucknow 226007, Uttar Pradesh, India",26.8671761,80.9392066,3,A2665
"Univ Lucknow, Dept Geol, Lucknow 226007, Uttar Pradesh, India",26.8633208,80.9360197,1,A2665
"Natl Res Ctr Agroforestry, Jhansi 284003, Uttar Pradesh, India",25.5040404,78.5430535,6,A2668
"Univ Kerala, Accredited Ctr Res, Mahatma Gandhi Coll, Post Grad Dept, Thiruvananthapuram 695004, Kerala, India",8.5320843,76.9430605,2,A1692
"Univ Kerala, Accredited Ctr Res, Mahatma Gandhi Coll, Res Ctr Bot, Thiruvananthapuram 695004, Kerala, India",8.5320843,76.9430605,2,A1692
"Univ Kerala, Accredited Ctr Res, Jawaharlal Nehru Trop Bot Garden & Res Inst JNTBG, Biotechnol & Bioinformat Div, Thiruvananthapuram 695562, Kerala, India",8.550953,76.9108019,1,A1692
"Univ Kashmir, Ctr Res Dev, Srinagar 190006, Jammu & Kashmir, India",34.1279625,74.8365172,1,A1524
"Univ Kashmir, Dept Bot, Srinagar 190006, Jammu & Kashmir, India",34.1279625,74.8365172,1,A1524
"CSIR Natl Bot Res Inst NBRI, Bot Garden Div, Rana Pratap Marg, Lucknow 226001, Uttar Pradesh, India",26.8562908,80.9498597,1,A1524
"Acad Sci & Innovat Res AcSIR, Ghaziabad 201002, Uttar Pradesh, India",28.6880422,77.4653861,1,A1524
"Cent Univ Kashmir, Dept Bot, Sci Campus, Ganderbal 191201, Jammu & Kashmir, India",34.2311726,74.7271672,1,A1524
NA,,,NA,C0148
"Indian Inst Technol, Indian Sch Mines, Dept Appl Geol, Coal Geol & Organ Petrol Lab, Dhanbad 826004, Jharkhand, India",23.8144432,86.4412022,4,A1692
"Rajasthan Tech Univ, Univ Dept, Petr Engn Branch, Kota 324010, Rajasthan, India",25.1413055,75.8040022,1,A1692
"DST Birbal Sahni Inst Palaeosci, Lucknow 226007, Uttar Pradesh, India",26.8671761,80.9392066,2,A1692
"HNB Garhwal Univ, Dept Bot & Microbiol, Ecol Lab, Srinagar, Uttarakhand, India",30.2278191,78.8035453,2,A2665
"Sheikh ul Aalam Mem SAM Govt Degree Coll, Dept Bot, Budgam Kashmir 191111, J&K, India",34.027349,74.7173058,1,A2665
NA,,,1,A2664
NA,,,2,A3146
"NIMR, Sector 8, New Delhi 110077, India",28.5774264,77.0761819,7,A1722
"NIMR Field Unit Ranchi, Jharkhand, India",23.3440997,85.309562,1,A1722
"WHO, SE Asian Reg Off, New Delhi, India",28.6139391,77.2090212,1,A1722
"Jiwaji Univ, Sch Studies Zool, Gwalior 474011, Madhya Pradesh, India",26.2020003,78.1980647,1,A1722
"Bees Dev, Monmouth NP25 9AA, Gwent, Wales",51.8116533,-2.7163045,1,A1692
"Univ Reading, Ctr Agri Environm Res, Reading RG6 6AR, Berks, England",51.4551201,-0.9787475,2,A1692
"Pondicherry Univ, Dept Ecol & Environm Sci, Kalapet 605014, Puducherry, India",12.0182619,79.8568461,1,A1692
"Univ Fed Parana, Dept Bot, Caixa Postal 19031, BR-81531980 Curitiba, PR, Brazil",-25.4372382,-49.2699727,1,A1692
"New York Bot Garden, Inst Systemat Bot, Bronx, NY 10458 USA",40.866555,-73.883109,1,A1692
"Marymount Manhattan Coll, New York, NY 10021 USA",40.7687419,-73.9597198,1,A1692
"Natl Bur Plant Genet Resources, New Delhi 110012, India",28.6282145,77.1493904,4,A2665
"Cent Hort Expt Stn, Vejalpur, Gujarat, India",22.6898334,73.5626805,1,A2665
"Cent Food Technol Res Inst, Fermentat Technol & Bio Engn Dept, Mysore 500020, Karnataka, India",12.2958104,76.6393805,3,A1980
NA,,,NA,C0273
NA,,,2,A2961
NA,,,NA,C0135
NA,,,NA,C0238
"Trop Bot Garden & Res Inst, Div Microbiol, Thiruvananthapuram 695562, Kerala, India",8.550953,76.9108019,2,A1692
"Manonmaniam Sundaranar Univ, Sri Paramakalyani Ctr Environm Sci, Environm Nanotechnol Div, Alwarkurichi 627412, Tamil Nadu, India",8.7833896,77.3897471,3,A1692
"Arignar Anna Govt Arts Coll, Dept Bot, Namakkal 637002, Tamil Nadu, India",11.1731006,78.1660626,1,A1692
NA,,,2,A2840
NA,,,NA,B0027
"Natl Inst Space Res INPE, Ctr Weather Forecasting & Climate Studies CPTEC, BR-12630000 Cachoeira Paulista, SP, Brazil",-22.6845581,-45.0075237,7,A1341
"Univ Sao Paulo, Lorena Sch Engn EEL, BR-05508050 Lorena, SP, Brazil",-23.5609494,-46.7213146,1,A1341
"Univ Sao Paulo, Inst Adv Studies, BR-05508050 Sao Paulo, SP, Brazil",-23.5609494,-46.7213146,1,A1341
"Univ Sao Francisco USF, Res Grp Environm & Sustainabil GPMAS, BR-13250400 Itatiba, SP, Brazil",-22.9998957,-46.8457028,1,A1341
"Chinese Acad Sci, Inst Geog Sci & Nat Resources Res, Beijing 100101, Peoples R China",39.9966999,116.41,1,A1341
"Int Islamic Univ, Dept Environm Sci, Islamabad 44000, Pakistan",33.6596951,73.0340508,1,A1341
"Abdus Salam Int Ctr Theoret Phys, Earth Syst Phys, I-34151 Trieste, Italy",45.69477,13.7794937,1,A1341
"Univ Estado Rio De Janeiro, Fac Technol, BR-27537000 Resende, RJ, Brazil",-22.9068467,-43.1728965,1,A1341
"Univ Fed Mato Grosso do Sul, Inst Phys, BR-79070900 Campo Grande, MS, Brazil",-20.4648517,-54.6218477,1,A1341
"Fed Univ ABC UFABC, Ctr Engn Modeling & Appl Social Sci CECS, BR-09210580 Santo Andre, SP, Brazil",-23.644231,-46.5285065,1,A1341
"Kumaun Univ, Dept Bot, DSB Campus, Naini Tal 263002, India",29.3911653,79.4459095,4,A2665
"Minist Environm Forest & Climate Change, North Eastern Reg Off, Shillong 793021, Meghalaya, India",25.5484274,92.0126276,1,A2665
NA,,,1,A3200
"Dr Harisingh Gour Vishwavidyalaya Cent Univ, Dept Bot, Ecol Lab, Sagar 470003, Madhya Pradesh, India",23.8265828,78.7751302,4,A0098
"CNRS MAEE, French Inst Pondicherry, UMIFRE 21, USR 3330, Pondicherry 605001, India",11.9415915,79.8083133,2,A1524
"INRA, UMR AMAP, F-34000 Montpellier, France",43.6519813,3.8614156,1,A1524
"Univ Paris 06, CNRS MNHN UPMC, MNHN, UMR 7207, F-75231 Paris 05, France",48.8471036,2.357499,1,A1524
"Museum Natl Hist Nat, CNRS MNHN UPMC, UMR 7207, F-75231 Paris 05, France",48.8433896,2.3634888,1,A1524
"Tezpur Univ, Dept Environm Sci, Tezpur 784028, Assam, India",26.7002961,92.8307601,2,A1850
"World Wide Fund Nat India, Freshwater & Wetlands Programme, New Delhi 110003, India",28.5916468,77.2317863,1,A2665
"Sethupathy Govt Arts Coll, Dept Zool, Ramanathapuram 623502, Tamil Nadu, India",9.3696451,78.7949004,2,A1692
"Madura Coll, Dept Zool, Madurai, Tamil Nadu, India",9.9109301,78.1104715,1,A1692
"Bharathidasan Univ, Dept Environm Biotechnol, Tiruchirappalli, Tamil Nadu, India",10.7778591,78.6966603,1,A1692
NA,,,NA,C0224
"Madurai Kamaraj Univ, Sch Energy Environm & Nat Resources, Madurai 625021, Tamil Nadu, India",9.9403922,78.0105374,3,A2665
"Anna Univ, Inst Remote Sensing, Madras 600025, Tamil Nadu, India",13.0092665,80.2364295,1,A2665
"SASTRA Deemed Univ, Ctr Adv Res Environm, Sch Civil Engn, Thanjavur 613401, India",10.7346273,79.0249516,1,A0935
NA,,,NA,C0138
NA,,,1,A2935
NA,,,2,A3294
NA,,,1,A3077
NA,,,1,A3247
NA,,,NA,B0030
NA,,,NA,C0141
NA,,,NA,A3304
NA,,,NA,C0001
NA,,,1,A3113
NA,,,NA,B0025
NA,,,NA,C0087
NA,,,NA,B0028
NA,,,NA,C0185
NA,,,2,A2954
NA,,,NA,C0077
NA,,,1,A2857
NA,,,1,A3127
NA,,,NA,C0155
"Mizoram Univ, Dept Biotechnol, Mol Microbiol & Systemat Lab, Mizoram, India",23.164543,92.9375739,5,A1722
"Natl Univ Ireland Galway, Dept Biochem, Mol Glycobiotechnol Grp, Galway, Ireland",53.274001,-9.0512662,1,A1722
"Tamil Nadu Agr Univ, Dept Agr Microbiol, Coimbatore, Tamil Nadu, India",11.0121706,76.9354212,2,A1722
"ICAR Res Complex, Directorate Mushroom Res, Solan, Himachal Prades, India",30.922243,77.1024929,1,A1722
"Columbia Univ, Earth Inst, New York, NY 10027 USA",40.8063056,-73.964554,1,A1722
"Nature Conservancy, 1815 N Lynn St, Arlington, VA 22203 USA",38.8967169,-77.0705062,2,A1722
"Nat Conservat Fdn, Mysore 570017, Karnataka, India",12.3307739,76.6037222,2,A1722
"Columbia Univ, Dept Ecol Evolut & Environm Biol, New York, NY 10027 USA",40.8075355,-73.9625727,2,A1722
"Univ Oulu, Dept Biol, Oulu, Finland",65.0593177,25.4662935,1,A2665
NA,,,NA,C0060
NA,,,1,A3013
NA,,,NA,C0056
NA,,,NA,C0245
NA,,,3,A2800
NA,,,1,A3301
NA,,,NA,B0001
NA,,,1,A3050
NA,,,2,A2921
NA,,,NA,C0128
"Natl Inst Technol Karnataka Surathkal, Sch Management, Mangalore 575025, Karnataka, India",13.0270159,74.7892951,2,A1692
"Natl Inst Technol Warangal, Warangal, Andhra Pradesh, India",17.9689008,79.5940544,1,A1692
"Univ Essex, Essex Business Sch, Colchester, Essex, England",51.878485,0.942263,1,A1692
"Sardar Swaran Singh Natl Inst Renewable Energy, Kapurthala 144601, Punjab, India",31.387092,75.3836931,3,A2665
"Dr B R Ambedkar Natl Inst Technol, Jalandhar 144011, Punjab, India",31.2937587,75.581523,1,A2665
"Mizoram Univ, Pachhunga Univ Coll, Dept Zool, Aizawl 796001, Mizoram, India",23.7232572,92.7272181,2,A2665
"Mizoram Univ, Dept Environm Sci, Tanhril 796004, Mizoram, India",23.7364942,92.6642456,1,A2665
"Indian Stat Inst, 203 Barrackpore Trunk Rd, Kolkata 700108, W Bengal, India",22.6491893,88.3763794,2,A1125
NA,,,NA,C0347
NA,,,NA,C0202
NA,,,1,A2971
NA,,,4,A3177
NA,,,NA,C0074
NA,,,NA,C0063
NA,,,3,A2965
NA,,,1,A2933
NA,,,1,A2839
NA,,,1,A2730
NA,,,NA,B0024
NA,,,NA,C0279
NA,,,1,A2906
NA,,,2,A3183
NA,,,NA,C0244
NA,,,1,A2974
NA,,,3,A2814
NA,,,NA,B0029
NA,,,NA,B0009
NA,,,NA,A3245
"Govt PG Coll, Dept Bot, Rudraprayag, Uttarakhand, India",30.3997424,79.0368696,1,A1722
"Sri Dev Suman Uttarakhand Univ Badsahithol, Tehri Garhwal, Uttarakhand, India",30.3370687,78.40273,2,A1722
"Chinese Acad Sci, Ctr Integrat Conservat, Xishuangbanna Trop Bot Garden, Mengla 666303, Yunnan, Peoples R China",21.9353099,101.24881,1,A1722
"Govt PG Coll, Rudraprayag, Uttarakhand, India",30.3997424,79.0368696,1,A1722
"Keystone Fdn, The Nilgiris 643217, Tamil Nadu, India",11.430735,76.859174,3,A1692
"Univ Reading, Ctr Agr Environm Res, Reading RG6 6AR, Berks, England",51.4551201,-0.9787475,1,A1692
NA,,,NA,C0146
NA,,,1,A2875
NA,,,NA,C0204
NA,,,NA,C0145
NA,,,NA,C0057
NA,,,NA,C0218
"Cochin Univ Sci & Technol, Sch Marine Sci, Dept Marine Biol Microbiol & Biochem, Cochin 682016, Kerala, India",9.966688,76.2870113,4,A1661
NA,,,NA,C0221
"Univ Sindh, Inst Biotechnol & Genet Engn, Jamshoro 76080, Pakistan",25.4303884,68.2808626,3,A2665
"Kocaeli Univ, Dept Biol Fac Sci & Literature, Kocaeli, Turkey",40.8221732,29.9216517,4,A2665
NA,,,NA,C0043
NA,,,1,A2419
NA,,,NA,C0386
"Birbal Sahni Inst Palaeosci, 53 Univ Rd, Lucknow, Uttar Pradesh, India",26.8671761,80.9392066,4,A1692
"Univ Nacl Colombia, Dept Ciencias Forestales, Sede Medellin, Medellin AA568, Colombia",6.2603934,-75.5771855,1,A1692
"Pondicherry Univ, Dept Disaster Management, Port Blair, India",11.6233774,92.7264828,1,A1692
"Ctr Cellular & Mol Biol, Hyderabad 500007, Andhra Pradesh, India",15.9128998,79.7399875,6,A2425
NA,,,NA,B0011
"North Eastern Hill Univ, Dept Environm Studies, Shillong 793022, Meghalaya, India",25.6120984,91.8977131,1,A2665
"North Eastern Hill Univ, Dept Basic Sci & Social Sci, Shillong 793022, Meghalaya, India",25.6091604,91.8971103,1,A2665
NA,,,1,A3204
NA,,,NA,C0213
NA,,,1,A2777
NA,,,NA,B0017
NA,,,NA,C0199
NA,,,1,A3100
NA,,,NA,C0171
NA,,,NA,A3345
NA,,,NA,C0249
NA,,,NA,C0285
NA,,,12,A2780
NA,,,NA,C0256
"Govt Arts Coll, Chennai, Tamil Nadu, India",13.0300493,80.2421383,3,A2665
"Tamil Nadu Forest Dept, Chennai, Tamil Nadu, India",13.0826802,80.2707184,1,A2665
"Salim Ali Ctr Ornithol & Nat Hist, Coimbatore, Tamil Nadu, India",11.0927309,76.7869297,2,A2665
"Govt India, Dept Sci & Technol, New Delhi, India",28.5382079,77.1894671,1,A2665
"Indian Grassland & Fodder Res Inst, Jhansi 284003, Uttar Pradesh, India",25.5113086,78.5337261,1,A2665
"ICAR Res Complex NEH Reg, Umiam, Meghalaya, India",25.6768054,91.9270246,4,A2665
"Birbal Sahni Inst Paleobot, Lucknow 226007, Uttar Pradesh, India",26.8671761,80.9392066,2,A1917
"Chinese Acad Sci, Kunming Inst Bot, Key Lab Plant Divers & Biogeog East Asia KLPB, Kunming 650201, Yunnan, Peoples R China",24.8796599,102.83322,3,A1032
"World Agroforestry Ctr ICRAF, East & Cent Asia Reg, Ctr Mt Ecosyst Studies, Kunming 650201, Peoples R China",24.89985,102.95301,2,A1032
"World Agroforestry Ctr ICRAF, Nairobi, Kenya",-1.236467,36.819017,1,A1032
"Royal Bot Garden Edinburgh, 20A Inverleith Row, Edinburgh EH3 5LR, Midlothian, Scotland",55.8745653,-3.105353,1,A1032
"CIAT, Div Soils, Nairobi, Kenya",-1.2176411,36.901045,1,A1032
"Euromediterranean Ctr Climate Change, IAFES Div, Sassari, Italy",40.7259269,8.5556826,1,A1032
"Univ Sassari, Dept Sci Nat & Environm Resources DIPNET, Via De Nicola 9, I-07100 Sassari, Italy",40.71804,8.5528862,1,A1032
"World Agroforestry Ctr ICRAF, Southeast Asia Reg Off, Bogor, Indonesia",-6.5971469,106.8060388,1,A1032
"Wageningen Univ & Res, Plant Prod Syst, Wageningen, Netherlands",51.9863475,5.6680191,1,A1032
NA,,,1,A3078
NA,,,3,A3020
NA,,,NA,C0348
NA,,,1,A2914
NA,,,1,A2601
NA,,,NA,C0222
NA,,,3,A2951
NA,,,1,A3172
NA,,,NA,C0226
NA,,,NA,C0106
NA,,,NA,C0017
"Potsdam Inst Climate Impact Res, D-14412 Potsdam, Germany",52.3905689,13.0644729,10,A1032
"Univ Cambridge, Dept Geog, Cambridge CB2 3EN, England",52.2028866,0.121518,2,A1032
"Univ Sheffield, Dept Anim & Plant Sci, Sheffield S10 2TN, S Yorkshire, England",53.3817753,-1.4870614,2,A1032
"Lab Sci Climat & Environm, Gif Sur Yvette, France",48.701844,2.134078,2,A1032
"Ctr Ecol & Hydrol, Wallingford OX10 8BB, Oxon, England",51.6023743,-1.1107182,1,A1032
"Met Off Hadley Ctr, Exeter EX1 3PB, Devon, England",50.7269301,-3.4734769,1,A1032
"Natl Inst Environm Studies, Ctr Global Environm Res, Tsukuba, Ibaraki, Japan",36.0835255,140.0764454,2,A1032
"Max Planck Inst Biogeochem, D-07701 Jena, Germany",50.927054,11.5892372,2,A1032
"Santa Fe Inst, Santa Fe, NM 87501 USA",35.700306,-105.908634,1,A1032
"Univ Kashmir, Dept Bot, Srinagar 190006, J&K, India",34.1279625,74.8365172,1,A1692
"GHSS, Dept Bot, Anantnag 192201, J&K, India",33.7338422,75.1541104,1,A1692
"Univ Malakand, Dept Bot, Lab Plant Ecol, Chakdara 28800, Pakistan",34.6665626,72.0290387,1,A1692
"London Sch Econ & Polit Sci LSE, London, England",51.5144388,-0.1164513,1,A1722
"Duke Univ, Sanford Sch Publ Policy, Durham, NC 27706 USA",35.9993655,-78.9439609,2,A1722
"Duke Univ, Nicholas Sch Environm, Durham, NC 27706 USA",36.0044762,-78.9418788,1,A1722
"CTRAN Consulting, Bhubaneswar, India",20.2488562,85.8416045,1,A1722
"Woldia Univ, Fac Hlth Sci, Dept Med Lab Sci, Woldia, Ethiopia",11.8299019,39.6001842,1,A0784
"Univ Gondar, Coll Med & Hlth Sci, Dept Clin Chem, Gondar, Ethiopia",12.589413,37.4442387,1,A0784
"Woldia Univ, Fac Hlth Sci, Dept Publ Hlth, Woldia, Ethiopia",11.8299019,39.6001842,1,A0784
"Woldia Univ, Fac Hlth Sci, Dept Midwifery, Woldia, Ethiopia",11.8222082,39.5801651,1,A0784
"Univ Gondar, Coll Med & Hlth Sci, Dept Med Microbiol, Gondar, Ethiopia",12.589413,37.4442387,1,A0784
"Woldia Univ, Fac Hlth Sci, Dept Nursing, Woldia, Ethiopia",11.8222082,39.5801651,1,A0784
"Univ Costa Rica, Lab Biol Mol, Estn Expt Fabio Baudrit Moreno, Alajuela, Costa Rica",10.0072853,-84.2659307,2,A2665
"Univ Costa Rica, Programa Mejoramiento Genet Guayaba, Estn Expt Fabio Baudrit Moreno, Alajuela, Costa Rica",10.0072853,-84.2659307,1,A2665
"Univ Mysore, Institut Excellence, Biopsychol Lab, Mysuru, India",12.3558876,76.6354054,1,A0988
NA,,,NA,C0076
NA,,,3,A2792
NA,,,1,A2899
NA,,,NA,C0190
NA,,,NA,C0059
NA,,,NA,A3241
NA,,,1,A3022
NA,,,NA,C0055
NA,,,NA,C0054
"Univ New South Wales, Sch Optometry & Vis Sci, Sydney, NSW, Australia",-33.8688197,151.2092955,2,A1722
"Brien Holden Vis Inst, Sydney, NSW, Australia",-33.7680812,150.9902364,2,A1722
"Childrens Univ Hosp, Dept Ophthalmol, Dublin, Ireland",53.3568931,-6.2620401,1,A1722
"Univ Canberra, Discipline Optometry & Vis Sci, Canberra, ACT, Australia",-35.242516,149.083954,1,A1722
NA,,,NA,A3295
NA,,,NA,A3255
"Univ Hyderabad, Ctr Earth & Space Sci, Hyderabad 500046, Andhra Pradesh, India",15.9128998,79.7399875,1,A1692
"Indian Inst Technol, Sch Water Resources, Kharagpur 721302, W Bengal, India",22.3179026,87.3102486,1,A1692
NA,,,NA,A3302
NA,,,3,A3168
NA,,,NA,B0004
NA,,,2,A2866
NA,,,1,A3207
NA,,,1,A2804
NA,,,NA,C0258
NA,,,NA,C0211
NA,,,NA,C0140
"HNB Garhwal Univ, Dept Bot, Srinagar 249161, Uttarakhand, India",30.2278191,78.8035453,2,A1722
"Mizoram Univ, Dept Forestry, Aizawl 796004, Mizoram, India",23.7364942,92.6642456,1,A1722
"Manipal Univ, Manipal Inst Technol, Dept Civil Engn, Manipal 576104, Karnataka, India",13.3525321,74.7928224,2,A1941
NA,,,NA,C0143
NA,,,2,A2976
"Univ Colombo, Fac Sci, Dept Zool, Colombo 03, Sri Lanka",6.900996,79.8548823,2,A1524
"Univ Colombo, Inst Biochem Mol Biol & Biotechnol, Colombo 03, Sri Lanka",6.8864646,79.8576393,1,A1524
"Univ Kelaniya, Fac Med, Mol Med Unit, Ragama, Sri Lanka",7.0283308,79.9274767,1,A1524
"Arizona State Univ, Ctr Evolutionary Med & Informat, Biodesing Inst, Tempe, AZ USA",33.4194179,-111.9283165,1,A1524
"Sanaria Inc, Rockville, MD 20850 USA",39.0958216,-77.1971631,1,A1524
"Birbal Sahni Inst Paleobot, Lucknow 226007, Uttar Pradesh, India",26.8671761,80.9392066,4,A2068
NA,,,2,A2996
"Guru Angad Dev Vet & Anim Sci Univ, Sch Publ Hlth & Zoonoses, Ludhiana, Punjab, India",30.8915684,75.8001012,4,A1692
"Guru Angad Dev Vet & Anim Sci Univ, Dept Vet Anat, Ludhiana, Punjab, India",30.8915684,75.8001012,1,A1692
"Univ Sydney, Sydney Sch Vet Sci, Camden, NSW, Australia",-34.0659551,150.6935958,1,A1692
"Natl Bur Plant Genet Resources, Tissue Culture & Cryopreservat Unit, New Delhi 110012, India",28.6282145,77.1493904,4,A2665
"Natl Bur Plant Genet Resources, Div Explorat & Collect, New Delhi 110012, India",28.6282145,77.1493904,2,A2665
"Dr Harisingh Gour Vishwavidyalaya Cent Univ, Dept Bot, Sagar 470003, Madhya Pradesh, India",23.8265828,78.7751302,4,A0046
NA,,,NA,C0179
NA,,,1,A3141
NA,,,1,A2841
"Indian Inst Sci Educ & Res Bhopal, Dept Earth & Environm Sci, Bhopal Bypass Rd, Bhopal 462066, Madhya Pradesh, India",23.2666891,77.4131785,2,A2665
"Indian Inst Sci Educ & Res Bhopal, Ctr ForRes Environm & Sustainable Technol, Bhopal Bypass Rd, Bhopal 462066, Madhya Pradesh, India",23.2820742,77.2799177,1,A2665
"Nat Conservat Fdn, 3076-5,4th Cross,Gokulam Pk, Mysore 570002, Karnataka, India",12.3309526,76.6320163,3,A1524
"Natl Ctr Biol Sci, Wildlife Off, Researchers Wildlife Conservat, GKVK Campus,Bellary Rd, Bangalore 560065, Karnataka, India",13.0773484,77.5778085,1,A1524
"French Inst Pondicherry, Dept Ecol, 11 St Louis St, Pondicherry 605001, India",11.9369401,79.8356517,1,A1524
"VHNSN Coll Autonomous, Dept Bot, 3-151-1 Coll Rd, Virudunagar 626001, Tamil Nadu, India",9.5736426,77.9731303,1,A1524
"Gujarat Univ, Dept Climate Change Impacts Management, Ahmadabad 380009, Gujarat, India",23.0391981,72.543715,2,A2665
"Indian Space Res Org, Microwave Tech Dev Div, Space Applicat Ctr, Ahmadabad 380015, Gujarat, India",23.0277933,72.518888,2,A2665
NA,,,NA,C0229
NA,,,NA,C0240
NA,,,NA,B0007
NA,,,NA,C0283
NA,,,2,A3226
NA,,,NA,B0018
NA,,,1,A2474
NA,,,NA,B0022
NA,,,1,A3228
NA,,,NA,C0005
NA,,,NA,C0015
"Cotton Univ, Dept Environm Biol & Wildlife Sci, Panbazar 781001, Guwahati, India",26.187526,91.7440996,4,A1692
"Natl Inst Adv Studies, Indian Inst Sci Campus, Bengaluru 560012, India",13.029156,77.5642728,2,A1692
"Indian Inst Sci Educ & Res Kolkata, Mohanpur 741246, India",22.572646,88.363895,1,A1692
"Natl Ctr Biol Sci, Postgrad Program Wildlife Biol & Conservat, Bangalore 560065, Karnataka, India",13.0935798,77.5778529,1,A1524
"Wildlife Conservat Soc India Program, Bangalore 560070, Karnataka, India",12.9149298,77.5634899,1,A1524
"Ctr Wildlife Studies, Bangalore 560070, Karnataka, India",12.974809,77.616254,1,A1524
"Indian Inst Remote Sensing, Forestry & Ecol Dept, Dehra Dun 248001, Uttarakhand, India",30.3412185,78.0471393,3,A1692
"Czech Univ Life Sci, Fac Forestry & Wood Sci, Prague 16500, Czech Republic",50.1341215,14.3739696,1,A1692
"Indian Inst Technol, Dept Civil Engn, Geomat Grp, Roorkee 247667, Uttar Pradesh, India",27.5705886,80.0981869,1,A1692
NA,,,NA,C0009
NA,,,NA,C0061
"Dr Yashwant Singh Parmar Univ Hort & Forestry, Microbiol Sect, Dept Basic Sci, Solan 173230, HP, India",31.2194893,76.9815877,4,A2185
NA,,,NA,C0210
NA,,,NA,C0020
NA,,,NA,B0005
NA,,,NA,B0003
NA,,,1,A3094
NA,,,NA,C0345
NA,,,NA,A3331
NA,,,NA,B0026
"Bangor Univ, Sch Environm Nat Resources & Geog SENRGY, Bangor LL57 2UW, Gwynedd, Wales",53.2261504,-4.1316678,3,A1704
"Rajiv Gandhi Univ, Dept Zool, Univ Rd, Itanagar 791112, Arunachal Prade, India",27.1499677,93.7672772,2,A0784
"Tata Inst Fundamental Res, Natl Ctr Biol Sci, Bellary Rd, Bangalore 560065, Karnataka, India",13.0938741,77.5763042,2,A0784
"Univ Guelph, Sch Environm Sci, Guelph, ON N1G 2W1, Canada",43.527799,-80.2248117,1,A0784
"Univ Bern, Inst Bee Hlth, Vetsuisse Fac, CH-3097 Bern, Switzerland",46.9564302,7.4270798,1,A0784
"Agroscope, CH-3097 Bern, Switzerland",46.930062,7.4230109,1,A0784
"Univ Kansas, Dept Ecol & Evolutionary Biol, Lawrence, KS 66045 USA",38.9557464,-95.2485952,1,A0784
"ICAR Indian Inst Soil & Water Conservat, Res Ctr, Sect 27A, Chandigarh 160019, India",30.7303302,76.8000091,2,A1032
"KSN Univ Agr & Hort Sci Shivamogga, Coll Forestry, Ponnampet 571216, India",12.1514612,75.9430278,5,A1032
"ICAR Indian Inst Soil & Water Conservat, 218 Kaulagarh Rd, Dehra Dun 248195, Uttarakhand, India",30.335641,78.0240375,1,A1032
"Dr Yashwant Singh Parmar Univ Hort & Forestry, Dept Silviculture & Agroforestry, Coll Forestry, Solan 173230, India",31.2194893,76.9815877,3,A1032
"Uttar Banga Krishi Viswavidyalaya, Dept Forestry, Cooch Behar 736165, India",26.4035184,89.3850298,8,A1032
"Navsari Agr Univ, Coll Forestry, Navsari 396450, India",20.9229886,72.9081745,1,A1032
"North Eastern Hill Univ, Dept Forestry, Tura Campus, Chasingre 794002, India",25.5650824,90.2355412,2,A1032
"KSN Univ Agr & Hort Sci, Coll Agr, Shivamogga 577225, India",14.1404899,75.4577775,1,A1032
NA,,,3,A3184
"Govind Ballabh Pant Univ Agr & Technol, Ctr Adv Studies Plant Pathol, Pantnagar 263145, Uttarakhand, India",29.0202741,79.4647633,3,A1524
"Jamia Millia Islamia, Dept Biosci, New Delhi 110025, India",28.5602381,77.2852899,2,A1524
"Forest Res Inst, Forest Pathol Div, Dehra Dun, Uttarakhand, India",30.3438148,77.9967117,1,A1524
"Govind Ballabh Pant Univ Agr & Technol, Dept Mol Biol & Genet Engn, Pantnagar 263145, Uttarakhand, India",29.0202741,79.4647633,1,A1524
"ICAR Res Complex, Cent Res Inst Jute & Allied Fibres, Kolkata, India",22.572646,88.363895,1,A1524
"Pondicherry Univ, Sch Life Sci, Dept Ecol & Environm Sci, Pondicherry 605014, India",12.0620765,79.8240715,2,A2585
"Tata Inst Fundamental Res, Natl Ctr Biol Sci, Wildlife Biol & Conservat Program, GKVK Campus, Bangalore 560065, Karnataka, India",13.0800718,77.5785151,2,A1692
"Nat Conservat Fdn, 1311 Amritha,12th Main,Vijayanagar 1st Stage, Mysore 1311, Karnataka, India",12.3258001,76.6136276,1,A1692
"Yale Univ, Sch Environm, New Haven, CT 06511 USA",41.3040256,-72.9326481,1,A1692
"ZARS RVS Krishi Vishwa Vidyalaya, Morena, India",26.4947172,77.9940222,2,A1722
"RVS Krishi Vishwa Vidyalaya, COA, Mandsour, India",24.0734356,75.0679018,1,A1722
"RVS Krishi Vishwa Vidyalaya, Gwalior, India",26.2192072,78.1982458,1,A1722
"Ctr Adv Sustainable Agr, New Delhi, India",28.6139391,77.2090212,1,A1722
"Indian Inst Technol Kharagpur, Agr & Food Engn Dept, Kharagpur 721302, W Bengal, India",22.3174278,87.3138859,6,A0186
"CSIR, Natl Inst Oceanog, Geol Oceanog Div, Panaji, Goa, India",15.4909301,73.8278496,3,A1692
"Goa Univ, Sch Earth Ocean & Atmospher Sci, Taleigao, Goa, India",15.4584136,73.8345548,2,A1692
"Acad Sci & Innovat Res AcSIR, Ghaziabad, India",28.6880422,77.4653861,2,A1692
"GB Pant Natl Inst Himalayan Environm & Sustainabl, Sikkim Unit, Gangtok 737101, Sikkim, India",27.3371364,88.6096575,2,A1093
"Indian Council Agr Res, Indian Inst Hort Res, Cent Hort Expt Stn, Bhubaneswar 751019, Orissa, India",20.2630022,85.8417388,3,A2506
NA,,,4,A2872
NA,,,2,A2920
NA,,,NA,C0029
NA,,,1,A3249
NA,,,NA,C0051
NA,,,3,A3109
NA,,,2,A3024
NA,,,3,A2825
NA,,,NA,A3243
NA,,,1,A3072
NA,,,NA,B0014
NA,,,NA,C0033
NA,,,3,A3210
"Punjab Agr Univ, Dept Forestry & Nat Resources, Ludhiana 141004, Punjab, India",30.8999028,75.8107931,3,A2665
"Punjab Agr Univ, Reg Res Stn, Bathinda 151001, Punjab, India",30.1738414,74.8974925,1,A2665
"Forest Res Inst, Dehra Dun 248006, Uttarakhand, India",30.3437685,77.9995589,7,A1692
"GB Pant Univ Agr & Technol, Pantnagar 263145, Uttar Pradesh, India",27.5705886,80.0981869,1,A1692
"ICAR Indian Inst Soil & Water Conservat, Dehra Dun 248001, Uttarakhand, India",30.3345816,78.0537813,1,A1692
"Bangalore Univ, Dept Studies Zool, Bengaluru 560056, Karnataka, India",12.9504095,77.5024372,2,A1893
NA,,,1,A2493
NA,,,NA,C0200
NA,,,NA,C0162
NA,,,5,A3152
NA,,,1,A2910
NA,,,1,A3196
NA,,,NA,C0117
NA,,,NA,C0228
NA,,,NA,C0284
NA,,,NA,C0259
NA,,,NA,C0014
"Jadavpur Univ, Sch Oceanog Studies, Kolkata 700032, India",22.4993818,88.3712752,2,A2665
"Space Applicat Ctr ISRO, Ahmadabad 380015, Gujarat, India",23.0277933,72.518888,1,A2665
"Shiv Nadar Univ, Sch Nat Sci, Environm Sci & Nat Resource Management, Dadri, Gautam Budh Nag, India",28.5267298,77.575363,1,A1619
"Indian Sch Mines, Indian Inst Technol, Dept Environm Sci & Engn, Dhanbad, Bihar, India",25.9644427,85.2722472,3,A1480
NA,,,NA,C0182
NA,,,NA,C0180
NA,,,NA,C0008
NA,,,NA,C0037
NA,,,3,A2929
NA,,,NA,C0006
NA,,,1,A2934
NA,,,2,A2847
NA,,,NA,C0086
NA,,,1,A2749
NA,,,3,A2850
NA,,,1,A3088
NA,,,1,A3067
"Govt India, Dept Space, NRSC ISRO, Reg Remote Sensing Ctr West, Jodhpur 342003, Rajasthan, India",26.2063647,73.0226088,3,A2372
NA,,,NA,C0223
"Indian Agr Res Inst, Div Environm Sci, New Delhi 110012, India",28.6282145,77.1493904,4,A2454
"Natl Environm Engn Res Inst, Environm Biotechnol Div, Nagpur 440020, Maharashtra, India",21.123098,79.0673302,6,A2621
"UP Pandit Deen Dayal Upadhyaya Pashu Chikitsa Vig, Dept Parasitol, Coll Vet Sci & Anim Husb, Mathura 281001, India",27.480921,77.6879696,3,A1722
"UP Pandit Deen Dayal Upadhyaya Pashu Chikitsa Vig, Coll Biotechnol, Coll Vet Sci & Anim Husb, Mathura 281001, India",27.480921,77.6879696,1,A1722
"UP Pandit Deen Dayal Upadhyaya Pashu Chikitsa Vig, Dept Vet Clin Med, Coll Vet Sci & Anim Husb, Mathura 281001, India",27.480921,77.6879696,1,A1722
"Coll Vet Sci & Anim Husb, Dharapura, Dholpur, India",10.7369152,77.5257693,1,A1722
NA,,,NA,B0012
"Affiliated Bharathidasan Univ, Jamal Mohamed Coll Autonomous, PG & Res Dept Bot, Tiruchirappalli 620020, Tamil Nadu, India",10.7864998,78.6958026,1,A2665
"Bharathidasan Univ, Sch Life Sci, Dept Bot, Tiruchirappalli 620024, Tamil Nadu, India",10.6822075,78.7427168,3,A2665
NA,,,1,A3256
NA,,,1,A3027
NA,,,NA,C0058
NA,,,1,A2863
NA,,,NA,B0016
"Tripura Univ, Dept Geog & Disaster Management, Agartala 799130, Tripura West, India",23.7618654,91.2639182,1,A2665
"Iswar Chandra Vidyasagar Coll, Dept Geog, Bilonia, Tripura South, India",23.2432074,91.4741419,1,A2665
NA,,,NA,C0137
"ICAR Indian Inst Soil & Water Conservat, Dehra Dun, Uttarakhand, India",30.3164945,78.0321918,1,A1692
"ICAR Indian Inst Nat Resins & Gums, Ranchi, Bihar, India",25.9644427,85.2722472,1,A1692
"ICAR Indian Grassland & Fodder Res Inst, Res Stn, Srinagar, Jammu & Kashmir, India",34.0836708,74.7972825,1,A1692
NA,,,NA,B0023
NA,,,NA,C0132
NA,,,3,A3044
NA,,,NA,C0010
"Indian Inst Sci, Asian Nat Conservat Fdn, Bangalore 560012, Karnataka, India",13.0140114,77.565762,2,A1692
"Bombay Nat Hist Soc, Bombay 400001, Maharashtra, India",18.9558178,72.8359208,2,A1692
"AVC Coll, Postgrad & Res Dept Zool & Wildlife Biol, Mayiladuthurai 609305, Tamil Nadu, India",11.1042991,79.6924649,2,A1692
"Birbal Sahni Inst Palaeosci, 53 Univ Rd, Lucknow 226007, Uttar Pradesh, India",26.8671761,80.9392066,5,A0312
NA,,,2,A3004